bg2010,total,totalSE,ownerTotal,ownerTotal,ownerMoveInR1,ownerMoveInR1SE,ownerMoveInR2,ownerMoveInR2SE,ownerMoveInR3,ownerMoveInR3SE,ownerMoveInR4,ownerMoveInR4SE,ownerMoveInR5,ownerMoveInR5SE,ownerMoveInR6,ownerMoveInR6SE,renterTotal,renterTotalSE,renterMoveInR1,renterMoveInR1SE,renterMoveInR2,renterMoveInR2SE,renterMoveInR3,renterMoveInR3SE,renterMoveInR4,renterMoveInR4SE,renterMoveInR5,renterMoveInR5SE,renterMoveInR6,renterMoveInR6SE
240317001041,839,73,729,85,35,32,51,43,175,64,264,71,135,53,69,39,110,63,0,12,41,50,40,38,20,21,9,14,0,12
240317001042,711,81,564,94,12,20,74,59,134,51,191,75,89,51,64,36,147,88,0,12,10,16,112,84,17,28,0,12,8,12
240317001051,471,106,316,98,0,12,21,33,96,64,94,65,75,44,30,37,155,97,0,12,1,16,131,95,23,37,0,12,0,12
240317001052,660,97,634,94,39,46,0,12,113,75,277,86,173,82,32,38,26,30,0,12,15,25,11,18,0,12,0,12,0,12
240317002071,859,90,693,84,42,39,40,30,103,53,245,68,85,54,178,42,166,92,0,12,10,16,113,61,43,64,0,12,0,12
240317002072,965,108,774,105,26,30,20,21,132,75,334,94,117,53,145,63,191,81,0,12,67,52,104,74,20,21,0,12,0,12
240317002081,408,47,327,48,3,6,11,12,45,37,68,25,83,38,117,43,81,41,17,27,0,12,30,16,28,28,0,12,6,10
240317002082,337,44,304,47,0,12,8,11,71,30,125,42,29,19,71,28,33,33,0,12,18,27,10,15,0,12,0,12,5,7
240317003043,702,119,702,119,0,12,13,23,116,78,286,125,287,100,0,12,0,12,0,12,0,12,0,12,0,12,0,12,0,12
240317003044,955,153,285,84,11,20,0,12,105,70,89,53,80,59,0,12,670,159,175,110,296,135,147,105,52,48,0,12,0,12
240317003063,851,135,621,128,0,12,60,50,61,46,273,103,213,90,14,22,230,107,13,21,104,83,95,67,0,12,18,27,0,12
240317003083,367,114,299,122,0,12,14,24,131,98,125,84,29,44,0,12,68,51,0,12,10,17,32,38,26,37,0,12,0,12
240317003112,378,91,356,96,0,12,24,28,77,74,153,84,23,29,79,51,22,26,0,12,0,12,10,16,12,20,0,12,0,12
240317003084,867,142,719,133,0,12,52,50,118,72,303,126,137,77,109,58,148,110,21,17,80,97,32,37,15,24,0,12,0,12
240317003104,332,118,332,118,0,12,100,106,19,29,66,46,93,58,54,41,0,12,0,12,0,12,0,12,0,12,0,12,0,12
240317003111,1348,161,1130,143,81,78,136,63,409,122,454,135,0,12,50,35,218,115,15,24,40,49,103,88,60,57,0,12,0,12
240317003113,1347,148,1243,157,0,12,177,102,430,109,636,147,0,12,0,12,104,64,0,12,25,30,55,50,12,19,0,12,12,20
240317003121,287,64,267,60,11,17,21,25,23,26,64,38,73,46,75,42,20,24,11,18,0,12,0,12,9,16,0,12,0,12
240317003122,655,89,628,91,10,15,92,75,108,54,278,90,13,19,127,54,27,25,0,12,8,14,0,12,19,22,0,12,0,12
240317003123,930,92,790,103,66,46,44,40,212,68,405,84,16,19,47,48,140,72,0,12,27,42,81,51,32,39,0,12,0,12
240317006111,648,67,590,71,7,11,25,29,105,43,432,85,8,14,13,12,58,36,13,22,0,12,29,27,16,17,0,12,0,12
240317006131,723,115,674,117,17,26,72,54,119,64,374,139,59,52,33,27,49,37,29,30,0,12,20,33,0,12,0,12,0,12
240317006132,762,105,649,110,51,52,54,49,103,69,247,90,194,90,0,12,113,69,0,12,20,31,93,64,0,12,0,12,0,12
240317006134,429,92,0,12,0,12,0,12,0,12,0,12,0,12,0,12,429,92,38,42,87,52,179,97,125,89,0,12,0,12
240317006141,745,117,455,131,0,12,15,24,154,110,133,91,12,20,141,86,290,133,66,83,65,61,102,68,35,57,22,33,0,12
240317006143,1126,110,464,126,20,32,89,86,90,69,122,67,143,87,0,12,662,149,98,104,75,63,390,141,99,80,0,12,0,12
240317006151,454,41,419,45,5,8,63,31,66,37,127,39,60,27,98,32,35,21,4,8,0,12,24,20,0,12,0,12,7,10
240317006161,409,52,350,60,10,15,11,17,55,32,97,45,177,61,0,12,59,67,0,12,17,26,42,66,0,12,0,12,0,12
240317006162,657,69,597,74,12,19,9,15,80,44,220,68,161,67,115,43,60,37,9,14,7,11,44,32,0,12,0,12,0,12
240317007105,333,99,333,99,0,12,16,25,15,25,99,53,143,103,60,61,0,12,0,12,0,12,0,12,0,12,0,12,0,12
240317007133,934,157,0,12,0,12,0,12,0,12,0,12,0,12,0,12,934,157,36,45,276,141,561,144,61,69,0,12,0,12
240317007172,436,131,149,61,0,12,0,12,35,47,41,36,17,25,56,42,287,119,15,24,103,78,111,84,58,53,0,12,0,12
240317007173,817,157,552,140,12,20,13,22,51,48,180,115,104,66,192,93,265,130,50,80,77,57,59,45,60,72,19,31,0,12
240317007181,1970,115,896,109,11,18,58,39,248,86,568,132,11,17,0,12,1074,115,158,73,293,89,502,108,121,58,0,12,0,12
240317009031,755,37,290,37,5,7,29,20,54,25,99,30,56,25,47,25,465,44,71,47,173,61,156,63,59,31,0,12,6,10
240317011013,162,48,156,47,0,12,0,12,45,33,19,23,41,33,51,31,6,9,0,12,6,9,0,12,0,12,0,12,0,12
240317011014,356,56,343,52,0,12,21,22,39,35,60,35,81,41,142,59,13,23,0,12,0,12,0,12,0,12,0,12,13,23
240317011011,275,83,260,85,0,12,33,41,60,38,51,44,48,59,68,63,15,23,0,12,15,23,0,12,0,12,0,12,0,12
240317011012,458,71,396,80,0,12,27,31,68,40,123,56,82,56,96,37,62,39,10,16,0,12,35,34,0,12,0,12,17,20
240317011015,286,80,253,83,0,12,0,12,34,33,75,45,110,78,34,26,33,39,0,12,27,38,0,12,0,12,6,11,0,12
240317014103,900,169,798,185,0,12,57,58,300,185,291,112,77,66,73,62,102,68,10,18,40,49,0,12,52,58,0,12,0,12
240317032071,990,134,7,11,0,12,0,12,7,11,0,12,0,12,0,12,983,134,50,48,119,70,602,133,176,82,20,32,16,18
240317015052,625,119,573,133,18,30,0,12,172,101,238,130,85,66,60,54,52,51,0,12,0,12,14,25,16,27,0,12,22,36
240317014102,1455,163,752,143,39,49,34,30,192,90,175,94,219,98,93,65,703,194,23,38,61,93,587,197,32,38,0,12,0,12
240317015051,855,168,0,12,0,12,0,12,0,12,0,12,0,12,0,12,855,168,69,66,209,122,557,204,20,33,0,12,0,12
240317017011,345,90,107,37,0,12,0,12,45,30,8,12,24,23,30,21,238,92,0,12,32,32,63,49,134,95,9,14,0,12
240317017013,358,48,341,44,16,18,23,22,30,23,71,41,120,43,81,41,17,19,0,12,0,12,8,12,9,13,0,12,0,12
240317028003,296,60,251,61,0,12,15,24,23,26,126,60,21,27,66,44,45,38,0,12,7,15,23,29,0,12,0,12,15,23
240317028002,1158,126,0,12,0,12,0,12,0,12,0,12,0,12,0,12,1158,126,148,85,371,159,553,155,55,46,12,19,19,31
240317032021,570,82,521,76,29,37,11,18,80,46,124,61,119,66,158,86,49,50,0,12,13,22,29,39,7,12,0,12,0,12
240317032023,789,99,666,95,14,23,35,28,177,65,152,67,88,58,200,84,123,59,0,12,12,18,16,26,73,44,22,34,0,12
240317033012,198,69,164,57,0,12,0,12,9,14,25,34,71,49,59,35,34,37,0,12,0,12,34,37,0,12,0,12,0,12
240317033011,360,90,306,93,0,12,33,49,26,38,73,51,54,41,120,48,54,31,0,12,8,14,24,23,13,19,0,12,9,14
240317045022,606,41,572,40,21,17,12,14,135,37,123,38,115,43,166,42,34,20,0,12,0,12,23,18,0,12,6,9,5,9
240317045021,259,35,253,34,23,19,6,8,62,28,38,22,37,23,87,25,6,9,0,12,6,9,0,12,0,12,0,12,0,12
240317053001,259,23,245,25,0,12,5,7,51,19,42,17,64,22,83,19,14,11,0,12,0,12,14,11,0,12,0,12,0,12
240317056012,352,59,345,57,7,12,42,34,100,56,99,48,18,15,79,34,7,12,0,12,0,12,0,12,7,12,0,12,0,12
240317056013,287,57,257,58,8,13,34,38,45,26,30,26,91,45,49,33,30,25,0,12,16,13,0,12,0,12,14,23,0,12
240317001011,592,68,540,72,30,27,58,35,51,38,134,53,147,55,120,52,52,35,9,13,0,12,23,25,0,12,11,13,9,13
240317060082,291,42,269,44,8,13,0,12,9,14,57,33,97,41,98,47,22,17,0,12,0,12,7,11,6,9,0,12,9,14
240317060081,477,68,456,69,0,12,5,9,45,35,227,66,45,33,134,57,21,22,0,12,8,13,13,18,0,12,0,12,0,12
240317001013,268,46,204,45,1,3,21,16,18,19,33,20,40,32,91,39,64,41,10,15,2,3,26,37,26,27,0,12,0,12
240317002051,2517,190,2021,165,93,70,303,112,1019,189,351,105,147,85,108,64,496,125,160,123,191,106,145,96,0,17,0,17,0,17
240317032121,321,77,294,74,0,12,16,26,31,31,41,38,93,63,113,62,27,45,4,12,11,19,12,33,0,12,0,12,0,12
240317032122,1125,134,1090,137,86,62,116,82,456,126,115,59,216,87,101,60,35,39,0,12,18,28,17,27,0,12,0,12,0,12
240317032123,629,113,584,116,0,12,92,77,184,84,120,66,90,61,98,54,45,44,0,12,18,28,27,32,0,12,0,12,0,12
240317046003,348,91,281,80,0,12,0,12,70,57,58,44,53,46,100,61,67,71,0,12,67,71,0,12,0,12,0,12,0,12
240317046004,340,63,318,68,0,12,30,33,76,57,67,58,74,56,71,49,22,26,0,12,0,12,13,21,9,15,0,12,0,12
240317056022,1828,144,904,151,31,37,112,82,97,66,286,124,162,119,216,94,924,171,141,91,245,123,416,125,108,67,0,12,14,23
240317056021,653,134,0,12,0,12,0,12,0,12,0,12,0,12,0,12,653,134,83,67,166,104,290,110,61,60,0,12,53,51
240317057013,746,89,330,54,10,16,13,19,101,37,93,42,39,30,74,38,416,83,44,31,150,83,166,58,47,32,9,13,0,12
240317013062,547,50,547,50,14,15,12,13,43,34,119,48,147,46,212,47,0,12,0,12,0,12,0,12,0,12,0,12,0,12
240317012013,619,114,504,113,0,12,0,12,44,52,108,63,226,101,126,65,115,81,0,12,0,12,99,76,0,12,16,25,0,12
240317012012,734,132,443,144,0,12,15,25,104,69,154,116,75,64,95,58,291,117,17,27,78,79,28,39,77,61,45,51,46,43
240317008281,850,33,799,39,10,13,52,27,147,41,234,55,271,49,85,28,51,22,0,12,12,12,26,19,9,13,4,7,0,12
240317008292,734,81,538,88,0,12,34,31,173,51,226,59,81,50,24,22,196,65,62,50,67,41,30,24,18,21,19,20,0,12
240317008301,1094,73,203,54,9,14,11,17,92,51,91,49,0,12,0,12,891,91,132,81,309,106,338,95,112,49,0,12,0,12
240317008321,957,61,717,95,38,37,54,40,104,52,254,73,164,53,103,37,240,69,10,16,99,50,100,50,28,22,3,6,0,12
240317008332,716,112,599,115,14,16,56,52,102,76,206,72,204,73,17,17,117,64,49,49,27,36,32,31,9,14,0,12,0,12
240317008341,315,72,285,81,54,69,0,12,44,39,69,41,44,31,74,33,30,34,17,28,0,12,13,19,0,12,0,12,0,12
240317008343,821,113,445,104,0,12,11,18,117,64,221,78,46,33,50,34,376,108,0,12,56,40,259,109,33,29,28,47,0,12
240317008351,489,67,429,74,0,12,13,20,74,41,108,56,147,59,87,39,60,71,0,12,0,12,43,68,17,19,0,12,0,12
240317009012,867,127,473,131,9,18,34,39,133,99,154,90,105,71,38,31,394,138,45,42,100,74,106,59,127,92,16,26,0,12
240317009042,511,87,41,27,0,12,9,14,0,12,13,21,0,12,19,21,470,89,15,18,186,77,207,71,50,48,7,11,5,9
240317010062,795,54,750,58,9,13,16,19,153,49,146,52,128,49,298,60,45,29,10,15,6,9,14,15,0,12,0,12,15,16
240317010063,580,57,433,58,0,12,0,12,88,39,128,56,106,44,111,41,147,46,20,22,11,16,70,39,38,25,8,12,0,12
240317010072,420,56,134,35,0,12,32,23,0,12,93,42,0,12,9,15,286,57,44,27,79,40,120,54,43,33,0,12,0,12
240317012054,247,60,247,60,0,12,0,12,54,47,85,75,85,50,23,24,0,12,0,12,0,12,0,12,0,12,0,12,0,12
240317012134,521,104,424,111,16,26,18,28,114,64,137,99,95,60,44,41,97,60,0,12,49,39,32,38,0,12,16,26,0,12
240317012135,751,103,294,84,0,12,29,38,59,54,101,78,68,47,37,42,457,101,67,65,141,82,249,89,0,12,0,12,0,12
240317012154,620,108,251,59,0,12,27,30,29,33,98,50,42,38,55,43,369,107,32,36,72,52,206,104,43,39,16,26,0,12
240317012161,271,72,258,77,0,12,20,30,146,79,71,56,21,32,0,12,13,20,0,12,0,12,13,20,0,12,0,12,0,12
240317012051,788,86,755,89,0,12,14,23,216,105,140,66,137,64,248,80,33,33,12,20,0,12,0,12,8,14,0,12,13,21
240317012053,386,95,0,12,0,12,0,12,0,12,0,12,0,12,0,12,386,95,68,47,114,53,174,104,30,34,0,12,0,12
240317012103,409,61,377,66,0,12,12,18,44,39,111,57,74,36,136,43,32,38,0,12,0,12,32,38,0,12,0,12,0,12
240317012163,777,140,14,23,0,12,14,23,0,12,0,12,0,12,0,12,763,143,42,49,187,109,403,116,106,68,25,29,0,12
240317012164,652,113,452,110,23,36,35,41,130,72,223,99,0,12,41,31,200,94,0,12,128,79,56,53,16,26,0,12,0,12
240317012182,0,12,0,12,0,12,0,12,0,12,0,12,0,12,0,12,0,12,0,12,0,12,0,12,0,12,0,12,0,12
240317012183,316,47,205,45,0,12,27,34,91,34,80,42,7,12,0,12,111,47,23,21,16,18,72,42,0,12,0,12,0,12
240317012201,469,56,459,57,10,15,20,22,73,39,137,53,101,39,118,46,10,15,0,12,0,12,10,15,0,12,0,12,0,12
240317012202,768,66,692,55,0,12,41,33,134,48,217,63,292,58,8,13,76,52,0,12,45,44,11,16,20,21,0,12,0,12
240317012211,602,64,593,66,0,12,7,12,110,40,163,57,313,65,0,12,9,14,9,14,0,12,0,12,0,12,0,12,0,12
240317012212,1019,79,297,66,0,12,63,40,26,28,109,57,99,53,0,12,722,83,117,66,107,53,359,94,139,60,0,12,0,12
240317013162,1167,133,1034,124,0,12,86,79,136,74,367,109,181,77,264,100,133,63,0,12,0,12,56,38,77,45,0,12,0,12
240317013142,461,52,427,59,10,16,60,45,43,41,115,46,114,50,85,42,34,29,0,12,0,12,34,29,0,12,0,12,0,12
240317013151,730,96,572,76,8,12,38,34,85,49,194,75,247,79,0,12,158,63,0,12,82,58,43,25,22,24,11,17,0,12
240317013161,997,131,769,114,0,12,53,45,148,73,317,93,169,83,82,50,228,115,0,12,68,84,79,57,81,60,0,12,0,12
240317013171,442,59,372,56,1,2,6,11,31,24,141,44,102,46,91,35,70,60,38,58,14,21,8,11,0,12,0,12,10,15
240317013172,462,59,462,59,0,12,13,15,80,49,127,56,242,67,0,12,0,12,0,12,0,12,0,12,0,12,0,12,0,12
240317013173,427,55,419,58,0,12,40,32,47,32,199,65,57,33,76,38,8,13,0,12,8,13,0,12,0,12,0,12,0,12
240317014154,327,93,290,103,0,12,0,12,29,40,65,65,116,74,80,59,37,42,0,12,0,12,15,24,22,35,0,12,0,12
240317014173,619,143,192,72,0,12,14,26,93,64,60,50,25,28,0,12,427,138,56,48,173,103,144,104,40,64,0,12,14,22
240317014174,892,189,380,113,0,12,0,12,53,52,146,79,98,85,83,55,512,166,30,47,98,85,235,145,92,62,57,71,0,12
240317014181,1123,56,976,86,29,34,64,52,239,103,325,97,224,72,95,48,147,66,0,12,37,37,64,46,29,23,9,14,8,13
240317014201,1767,184,774,166,45,72,15,23,261,92,320,114,89,59,44,43,993,188,66,47,128,75,236,113,563,155,0,12,0,12
240317014202,425,105,33,36,0,12,33,36,0,12,0,12,0,12,0,12,392,110,42,68,46,42,96,59,208,96,0,12,0,12
240317014203,536,101,474,106,0,12,37,62,31,38,215,88,97,56,94,62,62,54,0,12,26,38,17,26,0,12,0,12,19,28
240317014204,419,116,366,119,0,12,0,12,25,37,166,101,78,48,97,54,53,55,0,12,0,12,35,46,0,12,18,31,0,12
240317014211,570,20,424,52,0,12,34,34,21,24,230,58,108,43,31,23,146,49,26,38,35,33,54,32,31,21,0,12,0,12
240317014221,584,106,0,12,0,12,0,12,0,12,0,12,0,12,0,12,584,106,58,54,122,67,244,93,140,65,20,22,0,12
240317014222,450,89,11,18,0,12,11,18,0,12,0,12,0,12,0,12,439,87,19,24,87,45,188,93,128,60,17,27,0,12
240317014232,585,92,230,67,0,12,4,8,53,39,51,36,76,46,46,35,355,95,22,34,69,46,181,71,56,49,27,43,0,12
240317014233,744,92,247,68,0,12,0,12,101,46,13,14,93,54,40,31,497,102,9,15,150,75,258,100,37,50,43,39,0,12
240317015082,227,71,40,26,0,12,0,12,13,13,27,25,0,12,0,12,187,70,53,57,34,40,59,43,41,31,0,12,0,12
240317015083,817,111,272,75,5,9,12,15,91,52,120,51,37,29,7,11,545,100,62,37,123,72,189,88,161,68,10,15,0,12
240317015092,506,135,0,12,0,12,0,12,0,12,0,12,0,12,0,12,506,135,17,27,99,99,199,120,115,81,46,40,30,33
240317015093,663,140,13,22,0,12,0,12,13,22,0,12,0,12,0,12,650,142,95,93,67,65,391,151,82,47,15,24,0,12
240317016011,782,31,30,19,0,12,0,12,0,12,0,12,15,13,15,15,752,37,37,34,242,77,304,69,116,41,36,24,17,14
240317016021,483,105,76,36,0,12,0,12,24,13,14,15,28,34,10,18,407,106,10,18,15,26,284,89,68,54,30,38,0,12
240317037012,363,80,301,77,0,12,11,16,68,53,65,51,96,60,61,38,62,49,0,12,0,12,43,45,19,21,0,12,0,12
240317037021,270,59,200,52,20,34,0,12,11,18,40,41,46,34,83,39,70,48,0,12,0,12,70,48,0,12,0,12,0,12
240317037022,226,74,183,75,0,12,0,12,10,15,80,64,44,34,49,30,43,33,0,12,0,12,9,15,22,24,0,12,12,16
240317037024,291,75,229,66,0,12,0,12,66,39,84,54,39,32,40,33,62,56,0,12,41,52,15,25,0,12,6,10,0,12
240317041001,440,55,422,56,8,12,9,13,48,27,124,43,129,49,104,40,18,18,0,12,8,11,10,14,0,12,0,12,0,12
240317041002,402,61,350,61,36,43,8,13,29,23,106,50,55,34,116,56,52,23,8,12,15,13,22,19,7,11,0,12,0,12
240317059013,547,81,493,81,71,57,34,29,51,30,179,73,81,38,77,40,54,32,0,12,8,13,25,23,21,20,0,12,0,12
240317059012,599,60,542,66,31,45,45,31,105,45,127,53,105,60,129,50,57,39,28,33,0,12,21,19,8,12,0,12,0,12
240317003091,1006,136,780,150,60,53,54,58,184,93,326,129,109,70,47,40,226,128,0,12,0,12,137,98,60,71,0,12,29,35
240317057012,337,44,292,45,8,12,0,12,42,31,105,37,61,36,76,35,45,32,10,15,11,18,16,18,8,13,0,12,0,12
240317057011,306,46,265,46,11,17,15,16,25,25,46,28,21,22,147,56,41,38,0,12,10,15,31,34,0,12,0,12,0,12
240317060051,497,76,445,73,10,15,0,12,82,47,90,47,80,53,183,54,52,54,29,46,0,12,23,25,0,12,0,12,0,12
240317060052,380,57,310,46,0,12,6,9,37,28,131,40,79,44,57,33,70,57,0,12,0,12,62,59,8,13,0,12,0,12
240317060053,703,74,568,72,23,23,26,21,92,43,96,48,124,44,207,63,135,61,22,24,45,48,32,29,36,24,0,12,0,12
240317007182,757,109,137,59,9,14,7,11,29,27,92,51,0,12,0,12,620,117,174,98,183,76,207,75,56,33,0,12,0,12
240317007191,580,120,296,130,0,12,0,12,35,41,43,47,118,100,100,70,284,151,78,61,14,23,192,145,0,12,0,12,0,12
240317007193,1199,204,348,114,32,51,35,40,77,54,114,81,18,29,72,51,851,205,89,70,189,109,480,179,79,77,14,22,0,12
240317019001,459,108,39,34,0,12,0,12,15,25,7,13,17,21,0,12,420,105,30,35,68,58,261,107,61,54,0,12,0,12
240317019003,333,65,149,54,0,12,0,12,45,52,24,20,68,36,12,17,184,65,0,12,59,36,63,44,39,32,23,30,0,12
240317002052,830,90,782,104,0,12,36,40,131,69,201,85,288,99,126,71,48,43,0,12,19,30,16,24,13,21,0,12,0,12
240317005002,667,97,563,96,0,12,30,34,94,61,124,64,166,84,149,61,104,79,0,12,46,54,11,18,47,53,0,12,0,12
240317005001,838,128,721,138,0,12,10,18,232,81,181,84,100,66,198,93,117,55,24,26,0,12,43,37,28,32,0,12,22,28
240317006072,453,74,340,92,0,12,30,35,72,70,60,56,98,56,80,54,113,61,26,43,15,24,34,29,38,42,0,12,0,12
240317006101,679,32,621,33,2,4,32,19,87,30,149,43,153,47,198,38,58,30,16,21,17,12,7,10,6,9,7,9,5,9
240317007131,524,124,263,85,0,12,0,12,72,48,90,64,70,51,31,35,261,130,14,21,87,86,160,107,0,12,0,12,0,12
240317012112,1429,155,630,126,19,30,34,40,93,70,396,115,88,65,0,12,799,140,106,88,294,143,377,118,17,27,5,13,0,12
240317012111,889,138,550,118,20,29,21,34,79,59,130,66,144,89,156,78,339,123,14,24,39,43,75,62,112,96,99,58,0,12
240317013044,581,87,572,87,0,12,2,3,48,48,88,56,165,70,269,79,9,8,2,3,2,4,2,3,3,6,0,12,0,12
240317013043,465,84,450,85,0,12,41,45,48,38,190,76,10,16,161,66,15,23,0,12,0,12,15,23,0,12,0,12,0,12
240317039012,340,57,309,51,15,18,18,20,32,33,84,45,47,32,113,58,31,35,0,12,0,12,12,19,19,29,0,12,0,12
240317039011,452,69,353,62,0,12,27,24,41,29,169,56,72,34,44,32,99,53,16,20,48,46,17,22,12,18,6,10,0,12
240317039013,313,59,241,65,19,21,0,12,11,17,126,65,26,23,59,31,72,41,17,24,0,12,33,34,22,21,0,12,0,12
240317057021,408,54,369,57,0,12,9,16,12,17,140,51,141,49,67,34,39,34,0,12,15,22,14,21,10,15,0,12,0,12
240317057022,852,65,700,79,20,22,54,34,176,60,184,56,92,43,174,58,152,54,0,12,49,39,88,43,5,11,10,15,0,12
240317058002,862,79,784,90,0,12,93,55,162,74,99,51,186,78,244,85,78,51,0,12,17,25,31,35,30,35,0,12,0,12
240317058003,418,77,284,67,2,4,35,33,36,23,53,38,91,45,67,47,134,63,13,19,52,59,66,38,0,12,0,12,3,6
240317059033,348,49,329,54,25,26,0,12,37,30,89,44,87,39,91,36,19,22,10,15,9,17,0,12,0,12,0,12,0,12
240317059032,506,65,472,67,0,12,34,29,33,27,150,58,103,50,152,45,34,28,10,16,8,14,16,18,0,12,0,12,0,12
240317014142,396,91,356,92,0,12,39,43,54,53,83,63,70,50,110,68,40,44,0,12,0,12,40,44,0,12,0,12,0,12
240317014143,629,148,448,106,0,12,65,64,122,90,81,70,85,82,95,55,181,120,0,12,25,39,118,108,0,12,22,33,16,25
240317014144,755,166,366,117,0,12,16,28,45,35,119,100,115,63,71,47,389,129,111,102,15,25,102,64,144,104,0,12,17,29
240317013132,591,59,499,59,9,15,49,49,73,46,164,56,99,33,105,43,92,72,26,39,53,62,7,11,6,12,0,12,0,12
240317017032,372,77,206,57,0,12,0,12,69,42,91,37,18,17,28,21,166,87,6,11,76,74,37,27,47,60,0,12,0,12
240317017033,521,91,235,67,12,18,14,15,133,68,13,16,43,30,20,21,286,101,0,12,100,72,96,81,73,62,17,22,0,12
240317017041,573,67,370,55,0,12,14,18,72,35,145,53,72,38,67,37,203,63,32,39,26,38,97,60,41,36,7,12,0,12
240317006074,880,90,760,101,0,12,25,39,130,75,392,96,97,63,116,74,120,67,0,12,58,70,62,58,0,12,0,12,0,12
240317006073,510,82,481,87,0,12,52,46,107,55,113,69,156,54,53,45,29,34,0,12,14,22,15,25,0,12,0,12,0,12
240317008113,609,89,515,77,26,33,30,27,89,57,143,64,151,58,76,43,94,64,0,12,10,17,31,31,46,64,0,12,7,13
240317008112,297,65,232,58,14,23,42,34,8,13,78,57,47,39,43,32,65,52,28,42,25,27,12,17,0,12,0,12,0,12
240317008171,611,116,116,47,0,12,20,30,24,36,40,39,32,36,0,12,495,117,31,26,177,107,259,149,28,30,0,12,0,12
240317011021,579,129,221,88,0,12,26,27,57,47,89,62,0,12,49,51,358,133,65,55,52,54,186,119,55,55,0,12,0,12
240317003101,1502,151,1056,140,59,70,163,57,230,96,443,135,33,38,128,69,446,144,47,47,229,134,131,69,39,49,0,12,0,12
240317011025,232,67,219,66,0,12,10,15,0,12,61,49,86,69,62,42,13,18,0,12,0,12,13,18,0,12,0,12,0,12
240317011023,362,102,290,69,31,36,13,20,15,23,78,57,59,45,94,63,72,90,0,12,0,12,56,86,0,12,0,12,16,26
240317003103,531,125,0,12,0,12,0,12,0,12,0,12,0,12,0,12,531,125,69,89,101,86,323,113,21,33,17,29,0,12
240317007202,500,97,374,87,5,10,6,10,134,67,124,81,61,59,44,27,126,47,14,17,43,30,66,49,3,5,0,12,0,12
240317007211,631,113,239,75,10,15,0,12,54,45,126,55,37,39,12,18,392,125,132,86,100,81,87,42,63,61,10,16,0,12
240317007221,893,106,353,85,9,15,35,47,56,37,142,68,91,49,20,24,540,106,61,43,151,63,240,97,48,37,40,46,0,12
240317007222,258,73,0,12,0,12,0,12,0,12,0,12,0,12,0,12,258,73,12,19,84,45,142,72,20,22,0,12,0,12
240317007223,693,90,438,92,0,12,28,26,103,59,189,72,109,61,9,13,255,79,35,33,40,39,138,65,42,39,0,12,0,12
240317007232,680,103,155,68,8,13,44,49,59,35,44,31,0,12,0,12,525,96,16,18,78,44,261,65,135,54,35,28,0,12
240317007233,385,82,43,48,0,12,0,12,9,14,34,46,0,12,0,12,342,76,21,26,86,55,222,78,13,20,0,12,0,12
240317008164,641,153,335,117,15,25,0,12,54,68,156,95,81,58,29,33,306,127,0,12,53,44,80,70,173,114,0,12,0,12
240317008173,1752,186,725,131,26,31,185,82,174,76,208,115,114,73,18,26,1027,184,182,87,487,146,331,141,27,31,0,12,0,12
240317008221,687,41,374,74,6,9,67,38,56,31,149,55,68,36,28,18,313,67,68,40,73,36,114,49,58,29,0,12,0,12
240317008231,898,76,764,85,21,23,70,52,91,53,340,107,134,53,108,37,134,66,0,12,14,17,94,61,26,27,0,12,0,12
240317008241,969,79,816,84,29,28,27,25,178,57,358,90,205,72,19,20,153,64,34,25,0,12,103,58,16,18,0,12,0,12
240317008261,664,130,155,87,0,12,34,51,46,37,75,59,0,12,0,12,509,130,58,70,184,90,188,101,79,50,0,12,0,12
240317008263,839,112,635,124,15,25,55,49,90,61,475,128,0,12,0,12,204,115,30,41,80,100,56,38,38,44,0,12,0,12
240317018003,368,66,360,66,0,12,27,24,16,17,66,37,70,42,181,66,8,12,0,12,0,12,8,12,0,12,0,12,0,12
240317018004,285,51,262,53,4,7,39,30,40,25,57,31,36,26,86,49,23,22,0,12,7,11,16,20,0,12,0,12,0,12
240317029005,218,71,206,77,13,24,0,12,48,66,16,19,64,50,65,43,12,19,12,19,0,12,0,12,0,12,0,12,0,12
240317029002,528,80,528,80,0,12,25,30,69,44,162,87,108,66,164,81,0,12,0,12,0,12,0,12,0,12,0,12,0,12
240317029001,397,141,272,83,0,12,50,47,70,60,74,52,30,38,48,39,125,146,38,61,0,12,0,12,0,12,0,12,87,115
240317029004,817,128,307,87,0,12,23,20,28,33,99,71,71,69,86,53,510,129,39,36,37,32,332,148,75,77,27,45,0,12
240317034021,335,71,294,65,28,38,24,26,72,47,111,52,20,22,39,31,41,38,0,12,0,12,24,27,17,26,0,12,0,12
240317032132,1082,170,261,80,0,12,11,19,46,43,95,75,75,63,34,34,821,173,51,44,180,111,323,145,183,118,29,50,55,51
240317032131,682,160,116,51,0,12,0,12,14,22,44,41,24,38,34,36,566,163,95,78,160,113,170,124,141,89,0,12,0,12
240317033021,438,91,383,78,0,12,21,24,113,69,93,53,93,55,63,33,55,58,0,12,0,12,27,45,28,42,0,12,0,12
240317033023,406,97,382,97,0,12,0,12,50,40,212,101,65,52,55,35,24,20,0,12,10,15,10,15,0,12,4,6,0,12
240317021021,424,54,372,45,0,12,11,17,95,41,85,39,64,32,117,39,52,47,29,42,16,17,7,10,0,12,0,12,0,12
240317021022,373,52,329,46,0,12,10,15,57,34,94,44,88,50,80,42,44,33,0,12,18,30,0,12,16,18,0,12,10,16
240317021023,304,50,271,53,0,12,0,12,41,32,127,51,67,35,36,25,33,33,0,12,0,12,14,21,19,29,0,12,0,12
240317023011,929,100,374,75,41,44,15,16,61,40,100,47,75,44,82,39,555,108,59,46,177,87,230,87,43,29,38,41,8,12
240317023012,450,90,73,34,10,16,7,12,23,21,21,21,12,19,0,12,377,90,27,41,64,53,248,90,38,31,0,12,0,12
240317027002,463,127,215,82,0,12,11,18,10,17,147,85,20,24,27,31,248,100,13,22,0,12,127,75,93,98,15,24,0,12
240317024012,594,55,500,61,5,8,20,14,100,41,166,45,131,43,78,30,94,46,9,13,19,19,40,29,26,35,0,12,0,12
240317027001,787,195,355,88,0,12,0,12,26,32,107,71,116,61,106,62,432,194,16,27,17,27,272,171,71,66,12,27,44,53
240317027004,1089,201,286,84,8,20,0,12,44,48,111,50,28,26,95,58,803,212,0,12,79,104,541,208,126,100,57,71,0,12
240317027003,297,66,297,66,0,12,0,12,35,38,133,60,63,31,66,53,0,12,0,12,0,12,0,12,0,12,0,12,0,12
240317025002,560,134,56,47,0,12,0,12,22,37,34,34,0,12,0,12,504,116,46,50,60,39,269,129,85,80,14,21,30,33
240317025001,1284,228,116,72,15,24,12,19,0,12,89,67,0,12,0,12,1168,233,131,90,476,170,486,178,75,59,0,12,0,12
240317026011,634,147,0,12,0,12,0,12,0,12,0,12,0,12,0,12,634,147,30,35,264,140,261,125,31,35,32,39,16,25
240317026012,649,125,0,12,0,12,0,12,0,12,0,12,0,12,0,12,649,125,67,65,190,85,268,115,124,77,0,12,0,12
240317031003,412,59,405,58,0,12,14,18,54,33,116,61,182,70,39,29,7,12,0,12,0,12,7,12,0,12,0,12,0,12
240317031004,375,70,252,60,26,28,0,12,88,48,67,40,25,25,46,50,123,48,0,12,8,13,98,53,8,14,0,12,9,15
240317038001,1738,114,322,76,25,23,49,38,58,40,113,53,62,45,15,22,1416,132,211,97,552,132,462,141,191,62,0,12,0,12
240317042001,419,48,182,37,0,12,20,19,23,16,56,28,36,20,47,23,237,47,10,10,39,42,113,56,49,24,14,14,12,13
240317006083,352,64,352,64,0,12,0,12,130,60,98,43,86,39,38,29,0,12,0,12,0,12,0,12,0,12,0,12,0,12
240317006081,508,73,495,73,0,12,8,13,97,48,148,54,119,46,123,66,13,21,0,12,0,12,0,12,0,12,13,21,0,12
240317007062,376,70,330,70,0,12,24,26,45,32,123,51,63,42,75,35,46,32,0,12,12,14,34,30,0,12,0,12,0,12
240317012021,540,61,481,63,5,6,27,22,93,33,96,35,96,34,164,46,59,33,3,4,4,5,30,27,22,23,0,12,0,12
240317012061,569,79,514,77,10,18,0,12,91,46,164,62,145,70,104,78,55,42,0,12,0,12,45,38,10,17,0,12,0,12
240317012062,607,81,559,94,29,33,19,29,27,34,225,92,85,57,174,82,48,44,0,12,31,36,17,25,0,12,0,12,0,12
240317012063,310,76,310,76,19,30,0,12,31,35,84,51,40,40,136,70,0,12,0,12,0,12,0,12,0,12,0,12,0,12
240317012122,229,32,201,31,5,8,0,12,41,25,55,25,42,24,58,27,28,18,0,12,13,14,7,10,0,12,0,12,8,11
240317012123,400,33,395,34,0,12,7,10,41,25,101,32,89,33,157,41,5,8,0,12,5,8,0,12,0,12,0,12,0,12
240317020003,551,97,194,58,0,12,0,12,56,39,66,44,45,37,27,18,357,87,0,12,91,70,157,85,109,68,0,12,0,12
240317020002,383,93,147,68,0,12,0,12,28,30,91,62,21,22,7,10,236,96,0,12,12,21,145,91,53,49,17,29,9,15
240317012131,547,86,475,85,0,12,16,25,123,88,148,79,86,57,102,49,72,51,0,12,13,22,36,35,23,35,0,12,0,12
240317017021,993,57,247,45,0,12,20,16,50,26,79,33,50,26,48,26,746,73,35,30,159,56,370,81,143,56,22,21,17,14
240317003102,348,87,266,89,0,12,58,68,36,43,121,59,35,39,16,27,82,65,0,12,20,34,62,55,0,12,0,12,0,12
240317034031,404,62,323,56,9,12,6,9,102,54,117,52,34,34,55,25,81,47,19,26,0,12,40,34,9,12,6,9,7,9
240317034033,283,62,227,63,3,6,26,22,47,28,38,22,83,50,30,19,56,33,17,18,11,17,14,21,7,11,0,12,7,10
240317039022,1264,210,709,121,23,39,79,56,68,50,345,122,170,104,24,29,555,178,0,12,174,84,325,159,27,45,29,43,0,12
240317039021,493,111,348,89,29,33,51,58,60,45,74,62,70,53,64,46,145,66,9,18,0,12,23,27,72,70,0,12,41,38
240317008133,399,66,374,63,48,42,5,10,71,39,135,62,38,31,77,40,25,24,0,12,0,12,12,13,13,20,0,12,0,12
240317008134,765,114,478,108,37,46,69,56,31,25,184,88,112,54,45,30,287,96,19,22,67,51,152,77,49,39,0,12,0,12
240317012141,1204,84,328,59,8,12,71,47,55,31,144,45,24,21,26,21,876,86,127,49,263,91,437,90,30,29,19,20,0,12
240317012142,722,75,379,97,0,12,33,27,173,86,27,25,111,57,35,28,343,83,25,21,116,66,157,53,45,33,0,12,0,12
240317052001,280,27,271,28,0,12,1,3,37,19,56,26,100,38,77,27,9,11,0,12,7,11,2,5,0,12,0,12,0,12
240317052002,354,34,341,34,4,5,33,20,37,20,118,46,52,28,97,37,13,10,0,12,4,6,6,6,3,4,0,12,0,12
240317014073,705,71,616,69,11,17,9,15,92,37,227,67,85,39,192,58,89,46,21,30,10,16,27,38,31,37,0,12,0,12
240317014072,413,65,387,67,0,12,0,12,79,44,135,66,58,36,115,47,26,22,0,12,10,16,8,11,8,12,0,12,0,12
240317021011,643,99,0,12,0,12,0,12,0,12,0,12,0,12,0,12,643,99,18,19,185,91,288,102,132,73,20,32,0,12
240317021012,302,59,235,50,0,12,21,23,25,23,82,34,19,19,88,41,67,41,0,12,0,12,24,37,34,22,9,13,0,12
240317002061,537,66,497,58,8,13,0,12,88,34,198,52,106,50,97,40,40,35,15,26,0,12,10,15,0,12,0,12,15,18
240317002062,380,51,336,46,10,15,18,19,29,25,86,41,88,35,105,34,44,48,0,12,0,12,44,48,0,12,0,12,0,12
240317040003,839,144,266,85,14,24,17,26,28,33,96,62,44,42,67,49,573,141,13,23,113,85,233,127,139,105,45,48,30,33
240317040002,415,111,351,101,0,12,65,49,80,61,96,67,53,57,57,44,64,74,0,12,0,12,11,22,15,28,0,12,38,56
240317040004,865,115,565,115,29,34,0,12,96,74,307,111,78,56,55,45,300,101,17,27,73,53,86,46,67,56,0,12,57,73
240317045012,390,52,331,56,26,28,12,20,43,33,127,50,49,33,74,36,59,36,0,12,11,18,16,19,32,25,0,12,0,12
240317045014,307,46,300,46,12,20,12,19,52,40,116,46,37,31,71,39,7,11,0,12,0,12,7,11,0,12,0,12,0,12
240317045031,473,47,432,50,8,14,17,20,79,42,151,45,66,32,111,44,41,28,8,13,0,12,16,17,8,12,9,15,0,12
240317045032,844,70,775,73,0,12,10,16,182,60,300,73,115,52,168,50,69,37,27,31,17,22,7,13,18,19,0,12,0,12
240317047003,462,52,411,62,18,28,8,12,106,50,74,38,97,41,108,33,51,35,0,12,0,12,51,35,0,12,0,12,0,12
240317047004,289,42,271,41,0,12,0,12,15,16,97,36,119,42,40,28,18,14,0,12,0,12,9,13,0,12,0,12,9,14
240317059022,351,55,345,54,6,10,16,18,21,21,98,44,142,47,62,34,6,11,0,12,0,12,6,11,0,12,0,12,0,12
240317059023,427,54,358,58,0,12,33,33,44,32,77,40,114,40,90,37,69,34,0,12,21,20,25,18,17,20,6,10,0,12
240317060071,570,86,552,87,0,12,31,34,86,46,210,82,79,57,146,68,18,29,0,12,0,12,18,29,0,12,0,12,0,12
240317060072,887,104,815,113,26,40,86,95,137,81,232,85,256,90,78,59,72,50,13,23,0,12,45,44,0,12,14,20,0,12
240317060091,693,60,620,57,0,12,42,31,46,29,198,54,158,49,176,47,73,41,21,21,0,12,20,24,32,33,0,12,0,12
240317055021,605,44,580,43,15,17,52,34,92,37,129,42,128,45,164,51,25,21,0,12,3,5,20,19,2,3,0,12,0,12
240317055022,272,43,264,43,0,12,17,17,39,29,108,40,55,30,45,30,8,12,0,12,0,12,8,12,0,12,0,12,0,12
240317060101,714,65,537,82,27,41,14,17,98,54,157,63,150,62,91,39,177,70,18,21,23,37,68,48,18,22,42,58,8,13
240317060102,382,51,372,53,0,12,48,42,66,47,81,39,68,40,109,36,10,13,0,12,0,12,4,9,6,9,0,12,0,12
240317060112,463,57,455,59,8,12,23,25,75,38,102,49,84,45,163,51,8,13,0,12,0,12,0,12,8,13,0,12,0,12
240317060113,683,56,668,56,9,15,22,23,36,24,223,60,122,48,256,56,15,23,0,12,15,23,0,12,0,12,0,12,0,12
240317048061,1349,99,139,37,9,14,23,27,46,26,18,20,27,25,16,17,1210,102,258,77,333,78,475,96,107,59,28,26,9,14
240317048062,778,92,44,25,0,12,0,12,16,18,19,22,9,14,0,12,734,93,158,77,192,69,276,81,72,36,36,29,0,12
240317055012,725,107,0,12,0,12,0,12,0,12,0,12,0,12,0,12,725,107,92,69,138,67,299,80,130,48,20,21,46,50
240317060121,534,87,267,65,0,12,15,19,47,34,105,46,45,30,55,52,267,79,16,17,55,35,125,66,71,42,0,12,0,12
240317060123,552,62,310,60,11,17,10,16,81,48,90,44,63,41,55,31,242,58,11,16,37,33,113,49,61,36,20,21,0,12
240317060131,515,47,496,45,6,8,24,17,90,29,125,43,112,42,139,35,19,17,0,12,13,13,6,10,0,12,0,12,0,12
240317060092,669,67,587,67,0,12,12,19,100,43,273,64,157,54,45,32,82,74,0,12,46,57,29,44,0,12,7,10,0,12
240317013121,392,72,392,72,0,12,0,12,161,93,103,58,101,55,27,31,0,12,0,12,0,12,0,12,0,12,0,12,0,12
240317014083,449,86,380,94,0,12,0,12,32,34,101,74,109,62,138,79,69,62,0,12,34,46,35,53,0,12,0,12,0,12
240317014081,597,92,467,85,0,12,30,35,72,55,154,55,66,39,145,68,130,104,0,12,66,78,47,72,0,12,0,12,17,27
240317014082,376,73,376,73,0,12,48,61,64,46,148,63,77,57,39,37,0,12,0,12,0,12,0,12,0,12,0,12,0,12
240317013122,557,104,542,108,0,12,11,20,93,58,164,87,117,67,157,74,15,24,0,12,0,12,0,12,15,24,0,12,0,12
240317014153,467,90,447,94,0,12,20,34,101,64,67,55,83,61,176,76,20,32,0,12,0,12,20,32,0,12,0,12,0,12
240317014155,787,111,576,114,56,87,55,54,11,20,168,81,91,62,195,87,211,93,48,68,0,12,126,101,16,26,21,34,0,12
240317014152,441,98,418,93,0,12,10,15,43,52,142,77,51,47,172,77,23,33,0,12,14,23,9,25,0,12,0,12,0,12
240317014171,429,133,224,88,0,12,0,12,71,48,139,82,14,22,0,12,205,118,0,12,100,109,91,81,14,22,0,12,0,12
240317012101,369,39,352,42,8,14,0,12,39,34,78,34,86,43,141,40,17,19,6,10,0,12,11,17,0,12,0,12,0,12
240317012102,545,66,545,66,18,22,64,61,70,60,141,50,92,41,160,49,0,12,0,12,0,12,0,12,0,12,0,12,0,12
240317013031,426,65,426,65,18,20,21,23,53,50,155,50,35,21,144,51,0,12,0,12,0,12,0,12,0,12,0,12,0,12
240317013032,850,56,816,57,29,23,39,32,36,30,260,67,154,62,298,73,34,27,0,12,10,15,18,19,0,12,0,12,6,9
240317014091,379,51,379,51,14,22,0,12,66,36,91,52,50,33,158,61,0,12,0,12,0,12,0,12,0,12,0,12,0,12
240317014092,530,62,510,63,0,12,43,34,41,28,247,56,73,38,106,39,20,16,0,12,0,12,14,14,0,12,0,12,6,9
240317014093,415,60,353,67,0,12,40,50,14,16,157,64,61,34,81,37,62,55,5,8,0,12,39,50,18,19,0,12,0,12
240317015032,465,105,341,87,0,12,0,12,23,36,105,70,61,44,152,60,124,58,30,26,0,12,31,29,63,65,0,12,0,12
240317015034,562,103,516,105,35,43,35,39,127,74,123,77,55,57,141,74,46,40,0,12,16,24,0,12,15,23,0,12,15,24
240317015033,606,103,591,104,0,12,47,45,126,97,132,80,91,80,195,70,15,24,0,12,0,12,0,12,0,12,15,24,0,12
240317015031,450,87,411,89,30,32,26,40,53,45,110,66,141,62,51,43,39,45,0,12,0,12,20,37,19,26,0,12,0,12
240317008182,803,145,136,79,19,29,12,22,0,12,28,44,9,17,68,49,667,148,69,53,174,120,253,122,104,75,13,21,54,76
240317008181,400,123,0,12,0,12,0,12,0,12,0,12,0,12,0,12,400,123,35,41,126,91,179,100,60,57,0,12,0,12
240317008184,723,131,0,12,0,12,0,12,0,12,0,12,0,12,0,12,723,131,88,76,156,98,408,159,71,57,0,12,0,12
240317008183,530,123,392,134,0,12,79,84,91,55,129,82,60,47,33,28,138,84,0,12,0,12,49,45,29,44,45,52,15,26
240317009011,1429,151,376,130,8,17,96,85,15,34,169,75,76,49,12,20,1053,166,53,42,202,86,444,135,120,65,234,126,0,12
240317015073,634,78,519,68,11,16,25,23,18,19,175,75,193,61,97,47,115,52,0,12,22,24,42,28,21,23,30,46,0,12
240317015072,386,52,376,52,0,12,27,25,32,25,141,59,70,43,106,43,10,16,0,12,0,12,10,16,0,12,0,12,0,12
240317034013,274,66,274,66,0,12,26,42,22,25,97,50,81,61,48,29,0,12,0,12,0,12,0,12,0,12,0,12,0,12
240317033022,334,79,262,75,28,35,0,12,43,37,82,54,35,30,74,39,72,50,33,42,0,12,16,22,23,26,0,12,0,12
240317034012,338,91,296,84,0,12,5,8,41,42,174,88,37,41,39,36,42,38,0,12,0,12,22,19,20,34,0,12,0,12
240317037011,300,73,238,64,10,15,12,19,26,28,129,52,22,24,39,31,62,61,0,12,40,56,22,27,0,12,0,12,0,12
240317050004,379,40,343,46,19,21,19,20,65,31,105,40,85,39,50,33,36,28,0,12,0,12,17,19,10,15,0,12,9,14
240317050002,250,36,230,43,8,14,0,12,32,22,72,34,83,34,35,24,20,21,0,12,20,21,0,12,0,12,0,12,0,12
240317050001,732,81,360,47,0,12,39,30,130,47,41,27,90,41,60,28,372,79,40,31,74,41,210,69,39,31,9,14,0,12
240317050003,337,42,236,51,8,12,40,41,27,20,60,28,49,31,52,29,101,31,0,12,71,34,19,21,11,17,0,12,0,12
240317001031,468,61,437,62,0,12,25,21,26,18,111,53,96,41,179,56,31,27,0,12,0,12,18,19,13,19,0,12,0,12
240317001032,362,48,342,46,0,12,11,12,41,26,119,38,98,54,73,40,20,11,0,12,5,8,12,10,3,4,0,12,0,12
240317003061,418,91,380,98,19,28,13,22,121,72,154,111,73,42,0,12,38,41,0,12,0,12,38,41,0,12,0,12,0,12
240317003062,1107,119,875,133,0,12,89,59,147,85,342,108,225,104,72,51,232,106,18,29,108,95,106,59,0,12,0,12,0,12
240317006062,357,72,280,62,0,12,18,30,0,12,99,56,59,35,104,46,77,62,21,30,27,41,29,37,0,12,0,12,0,12
240317006061,359,67,347,69,14,16,13,15,58,39,106,43,102,61,54,33,12,19,0,12,0,12,12,19,0,12,0,12,0,12
240317006063,680,69,647,67,12,11,33,28,217,63,104,43,113,46,168,52,33,34,0,12,22,31,11,13,0,12,0,12,0,12
240317006041,793,110,735,104,40,43,13,18,106,74,309,100,152,66,115,77,58,73,0,12,58,73,0,12,0,12,0,12,0,12
240317006043,489,78,474,78,20,32,18,28,104,83,158,59,118,60,56,45,15,23,0,12,0,12,0,12,0,12,0,12,15,23
240317006044,407,67,407,67,0,12,42,46,59,57,171,68,90,47,45,41,0,12,0,12,0,12,0,12,0,12,0,12,0,12
240317006042,520,83,513,83,0,12,50,79,55,50,159,98,98,76,151,65,7,13,0,12,0,12,7,13,0,12,0,12,0,12
240317009051,702,79,57,24,0,12,14,20,28,21,7,13,8,13,0,12,645,78,89,63,167,58,291,91,78,45,20,22,0,12
240317009052,985,93,228,50,8,13,12,19,39,30,60,27,49,30,60,40,757,93,58,38,140,52,402,99,115,51,31,27,11,17
240317007112,778,85,596,90,14,23,50,49,135,70,176,67,70,40,151,52,182,75,0,12,45,41,110,62,27,28,0,12,0,12
240317007113,485,69,308,50,2,4,7,7,77,29,51,15,60,21,111,34,177,50,0,12,84,52,74,49,19,19,0,12,0,12
240317008122,623,86,592,90,0,12,78,61,52,37,218,71,120,49,124,48,31,38,0,12,6,9,25,38,0,12,0,12,0,12
240317008192,517,127,391,129,40,60,67,70,50,40,168,121,43,42,23,37,126,97,14,23,88,85,24,37,0,12,0,12,0,12
240317008193,1061,141,753,112,16,25,17,29,177,87,258,94,160,71,125,77,308,118,65,80,104,90,104,67,35,30,0,12,0,12
240317008194,462,131,318,140,0,12,0,12,0,12,185,123,49,46,84,53,144,87,0,12,14,23,0,12,111,102,19,43,0,12
240317022004,305,71,241,48,8,15,0,12,23,20,87,46,32,27,91,36,64,65,0,12,0,12,64,65,0,12,0,12,0,12
240317022001,514,89,367,94,24,24,33,33,104,86,77,37,75,48,54,34,147,83,0,12,26,39,70,63,0,12,51,48,0,12
240317022003,417,95,376,87,0,12,30,34,51,34,148,89,104,47,43,27,41,39,0,12,0,12,0,12,41,39,0,12,0,12
240317022002,272,54,263,54,18,20,4,7,48,29,115,54,44,38,34,22,9,10,0,12,5,8,0,12,4,7,0,12,0,12
240317032062,555,59,502,49,7,12,12,14,56,34,101,42,108,50,218,53,53,40,0,12,0,12,22,22,31,45,0,12,0,12
240317032061,622,95,416,71,43,42,0,12,65,34,86,44,78,46,144,62,206,65,24,35,26,22,93,56,39,40,8,14,16,18
240317003092,1105,161,104,56,0,12,21,27,37,35,28,33,18,31,0,12,1001,161,106,82,363,159,407,138,125,108,0,12,0,12
240317007154,340,107,318,109,43,53,40,43,19,22,140,80,34,26,42,34,22,25,0,12,0,12,13,20,9,15,0,12,0,12
240317007152,524,100,447,100,0,12,97,69,123,86,81,55,61,38,85,44,77,59,8,14,11,18,44,52,14,22,0,12,0,12
240317007153,249,86,223,85,0,12,0,12,51,31,117,85,44,33,11,17,26,28,0,12,0,12,21,28,0,12,5,10,0,12
240317007151,636,93,546,95,0,12,31,27,125,56,124,67,63,40,203,62,90,60,0,12,55,52,29,24,6,16,0,12,0,12
240317008101,262,56,262,56,8,12,0,12,72,34,120,46,12,18,50,37,0,12,0,12,0,12,0,12,0,12,0,12,0,12
240317008102,774,95,625,89,0,12,93,58,111,64,235,84,70,43,116,54,149,69,17,21,48,56,84,71,0,12,0,12,0,12
240317008103,650,97,584,81,0,12,21,23,118,53,227,73,117,53,101,49,66,57,20,24,27,45,5,10,14,22,0,12,0,12
240317008151,852,158,728,152,19,25,130,76,58,49,403,148,118,76,0,12,124,83,0,12,55,67,47,39,22,37,0,12,0,12
240317008153,182,94,151,85,0,12,31,46,0,12,44,50,0,12,76,62,31,43,0,12,5,11,0,12,26,41,0,12,0,12
240317008152,857,158,754,169,0,12,129,127,209,119,279,138,70,57,67,60,103,84,0,12,11,18,92,82,0,12,0,12,0,12
240317008154,399,129,300,125,0,12,16,24,23,38,124,102,110,62,27,22,99,57,40,50,0,12,36,43,23,29,0,12,0,12
240317009021,690,95,537,106,10,16,44,44,72,50,193,81,43,34,175,69,153,67,23,21,17,26,53,40,60,52,0,12,0,12
240317010021,374,58,242,54,9,14,0,12,52,34,181,59,0,12,0,12,132,48,10,16,114,61,0,12,8,13,0,12,0,12
240317010023,331,48,331,48,0,12,24,26,37,30,122,47,39,34,109,43,0,12,0,12,0,12,0,12,0,12,0,12,0,12
240317010052,301,60,271,58,11,18,34,45,29,29,52,36,80,43,65,28,30,30,0,12,6,10,18,27,0,12,0,12,6,10
240317013082,585,62,556,63,55,59,49,37,59,34,210,48,138,50,45,23,29,25,7,11,8,13,14,17,0,12,0,12,0,12
240317032102,417,71,345,67,0,12,11,17,78,46,80,46,98,52,78,37,72,64,0,12,0,12,34,39,38,51,0,12,0,12
240317032101,675,77,622,76,64,51,21,23,86,49,95,41,145,61,211,54,53,47,0,12,10,16,13,21,30,36,0,12,0,12
240317034042,578,52,475,65,19,28,33,34,53,42,197,59,68,26,105,35,103,46,0,12,0,12,65,41,17,15,4,6,17,20
240317007101,407,117,269,100,0,12,0,12,62,58,129,86,61,57,17,28,138,84,19,31,20,32,43,49,38,60,0,12,18,27
240317007104,536,151,296,119,0,12,0,12,104,93,116,84,34,39,42,38,240,138,0,12,46,64,109,120,85,89,0,12,0,12
240317007102,289,66,279,62,0,12,14,22,57,56,68,52,22,26,118,61,10,17,0,12,10,17,0,12,0,12,0,12,0,12
240317007163,619,140,567,146,24,41,34,50,133,101,74,64,73,55,229,110,52,45,0,12,29,39,0,12,16,26,0,12,7,13
240317007161,785,155,579,143,15,26,35,59,131,72,307,113,15,25,76,62,206,123,15,24,16,26,93,70,82,113,0,12,0,12
240317016023,257,60,243,60,0,12,14,17,34,27,34,27,77,47,84,40,14,18,10,17,4,7,0,12,0,12,0,12,0,12
240317021014,448,77,231,64,22,27,20,22,35,29,77,51,42,34,35,28,217,72,14,21,0,12,56,41,104,58,14,16,29,40
240317025003,655,140,20,30,20,30,0,12,0,12,0,12,0,12,0,12,635,141,58,57,45,43,303,129,38,36,134,107,57,69
240317026014,620,143,0,12,0,12,0,12,0,12,0,12,0,12,0,12,620,143,60,46,133,102,282,137,16,26,129,61,0,12
240317028004,461,87,461,87,30,30,12,22,136,93,54,49,81,54,148,61,0,12,0,12,0,12,0,12,0,12,0,12,0,12
240317032133,593,147,72,55,0,12,0,12,41,43,31,36,0,12,0,12,521,154,78,78,145,93,147,96,114,78,0,12,37,61
240317032161,841,96,717,101,14,22,89,68,218,70,313,73,83,52,0,12,124,66,0,12,10,16,46,38,45,46,23,27,0,12
240317032163,432,76,387,63,0,12,54,44,104,49,169,59,52,38,8,13,45,46,0,12,0,12,45,46,0,12,0,12,0,12
240317032181,828,72,677,85,21,32,88,39,220,72,235,71,78,43,35,24,151,56,20,24,22,20,85,42,24,23,0,12,0,12
240317032191,1008,89,918,102,30,34,29,33,235,74,539,107,59,40,26,29,90,43,0,12,0,12,36,33,54,42,0,12,0,12
240317032192,655,82,507,85,0,12,75,54,135,66,181,71,116,62,0,12,148,89,0,12,15,24,101,82,32,34,0,12,0,12
240317032193,778,110,542,125,14,23,70,72,155,96,258,76,30,33,15,23,236,78,15,25,29,32,100,49,92,53,0,12,0,12
240317032201,384,81,101,43,0,12,0,12,34,33,29,41,29,25,9,14,283,80,43,57,32,41,90,40,92,39,26,24,0,12
240317032202,1019,119,801,140,8,18,69,59,60,43,181,95,310,116,173,58,218,124,12,19,70,67,40,43,96,87,0,12,0,12
240317032203,523,127,329,92,53,78,10,17,15,13,163,75,50,39,38,34,194,124,79,109,34,30,44,55,37,52,0,12,0,12
240317032211,501,66,478,68,11,17,26,30,89,50,187,54,85,37,80,36,23,21,0,12,0,12,23,21,0,12,0,12,0,12
240317032212,600,82,487,74,7,12,42,30,51,35,198,68,135,42,54,37,113,79,0,12,47,62,59,48,7,11,0,12,0,12
240317032213,752,100,591,103,28,29,32,35,56,41,267,88,97,56,111,51,161,77,0,12,73,66,64,56,13,16,0,12,11,17
240317039023,607,100,529,108,0,12,40,43,93,55,136,90,153,76,107,67,78,47,0,12,0,12,51,41,15,22,12,20,0,12
240317044031,974,77,574,90,6,10,45,40,164,53,159,53,126,61,74,37,400,92,51,35,133,77,189,62,0,12,27,24,0,12
240317044044,731,112,559,116,36,42,83,83,170,91,141,79,97,50,32,36,172,104,0,12,107,88,48,46,0,12,17,26,0,12
240317044041,504,93,489,95,0,12,50,48,8,13,175,83,121,72,135,61,15,22,0,12,3,8,12,19,0,12,0,12,0,12
240317044042,377,59,345,63,0,12,26,31,22,27,148,68,78,57,71,51,32,31,0,12,0,12,17,21,15,24,0,12,0,12
240317044043,554,92,203,69,0,12,14,22,29,33,30,35,73,53,57,51,351,89,54,69,139,66,116,56,42,39,0,12,0,12
240317048031,481,91,141,73,0,12,21,24,52,44,68,51,0,12,0,12,340,91,17,26,36,40,250,87,37,35,0,12,0,12
240317048032,1064,115,374,92,20,30,39,41,79,50,66,49,152,66,18,20,690,118,31,38,191,98,261,90,103,66,21,23,83,72
240317048041,1011,82,410,64,62,30,44,29,73,31,171,41,25,31,35,23,601,70,89,43,154,47,225,63,99,38,12,13,22,18
240317048051,808,125,152,55,0,12,19,22,25,18,75,43,10,18,23,26,656,117,57,32,206,67,107,43,225,109,50,39,11,18
240317009041,936,102,73,44,10,16,14,22,16,24,24,28,0,12,9,15,863,106,182,85,183,74,313,84,155,56,30,24,0,12
240317010013,232,48,232,48,0,12,10,16,31,35,32,24,35,34,124,49,0,12,0,12,0,12,0,12,0,12,0,12,0,12
240317010011,1007,106,732,91,6,13,30,32,82,45,228,86,171,87,215,102,275,93,71,86,97,79,53,40,30,28,9,14,15,25
240317010044,348,74,328,77,0,12,8,12,10,16,145,67,74,39,91,44,20,24,0,12,14,22,0,12,0,12,6,10,0,12
240317010042,555,80,514,80,7,11,60,40,90,62,103,45,120,46,134,62,41,37,6,10,0,12,35,40,0,12,0,12,0,12
240317010043,495,86,234,67,16,19,24,28,65,50,67,43,25,21,37,31,261,88,46,66,64,50,132,58,7,11,6,10,6,10
240317003081,374,88,194,61,0,12,0,12,58,44,13,22,53,50,70,42,180,81,45,38,55,45,80,75,0,12,0,12,0,12
240317003082,712,123,470,123,0,12,38,49,62,39,232,112,111,73,27,31,242,127,26,32,67,102,66,74,83,69,0,12,0,12
240317004001,322,41,272,43,7,10,0,12,75,39,59,36,56,24,75,30,50,35,0,12,0,12,24,27,26,23,0,12,0,12
240317004002,473,49,410,50,0,12,0,12,39,23,90,31,158,47,123,34,63,37,0,12,6,9,16,16,23,22,0,12,18,21
240317024023,870,128,365,86,0,12,55,43,85,55,30,25,164,79,31,30,505,148,47,48,11,18,209,81,48,49,145,124,45,47
240317012133,1127,136,319,99,0,12,29,35,81,83,148,72,38,33,23,27,808,143,92,67,342,137,335,109,39,44,0,12,0,12
240317012152,720,130,425,126,0,12,97,94,136,70,140,64,12,19,40,37,295,129,17,27,32,35,190,112,56,40,0,12,0,12
240317015062,862,92,687,92,30,27,27,27,87,49,222,84,117,50,204,59,175,83,8,11,0,12,65,44,74,68,0,12,28,43
240317015063,250,46,250,46,0,12,7,11,82,51,49,33,20,18,92,38,0,12,0,12,0,12,0,12,0,12,0,12,0,12
240317030001,280,32,219,39,0,12,18,13,24,19,68,33,55,29,54,22,61,23,3,5,16,15,22,18,15,13,5,7,0,12
240317030002,360,41,342,40,21,17,16,14,47,23,106,31,71,33,81,29,18,15,0,12,10,13,8,9,0,12,0,12,0,12
240317032081,377,54,377,54,0,12,30,27,71,39,103,49,83,44,90,36,0,12,0,12,0,12,0,12,0,12,0,12,0,12
240317032083,469,62,408,67,10,15,15,33,78,35,59,38,96,54,150,47,61,40,8,14,0,12,37,32,0,12,0,12,16,19
240317032141,501,150,0,12,0,12,0,12,0,12,0,12,0,12,0,12,501,150,0,12,188,114,207,108,106,87,0,12,0,12
240317032142,982,136,383,96,0,12,29,29,106,78,86,69,53,46,109,57,599,126,17,29,145,107,363,119,74,67,0,12,0,12
240317035011,656,78,71,46,0,12,0,12,53,43,13,21,5,11,0,12,585,74,0,12,54,40,137,57,263,86,131,79,0,12
240317035014,404,95,286,95,10,17,8,15,50,41,125,77,51,40,42,29,118,70,19,29,18,20,27,27,54,65,0,12,0,12
240317035021,709,71,555,94,32,33,15,19,78,39,149,52,110,49,171,77,154,65,0,12,36,46,118,59,0,12,0,12,0,12
240317035022,457,68,330,69,6,10,14,16,151,65,54,35,36,30,69,35,127,57,0,12,6,10,36,26,69,55,16,22,0,12
240317036022,301,40,244,50,10,15,17,18,26,24,62,37,50,30,79,47,57,48,30,44,8,12,19,21,0,12,0,12,0,12
240317036021,440,50,413,53,38,29,25,22,125,52,142,65,56,32,27,25,27,23,9,13,0,12,0,12,18,19,0,12,0,12
240317024022,680,113,160,100,0,12,0,12,0,12,70,68,71,80,19,24,520,99,36,40,63,75,237,83,158,99,0,12,26,29
240317024021,491,120,128,60,24,44,0,12,36,34,33,26,35,30,0,12,363,103,96,87,32,30,182,75,28,33,25,39,0,12
240317032011,981,117,855,125,27,33,13,23,169,92,258,107,210,93,178,70,126,92,0,12,0,12,60,48,66,85,0,12,0,12
240317032012,502,86,427,94,0,12,75,73,100,74,89,67,91,60,72,48,75,67,0,12,45,55,30,35,0,12,0,12,0,12
240317032014,511,97,469,102,0,12,32,33,72,79,118,76,140,78,107,47,42,42,0,12,0,12,15,24,0,12,11,22,16,26
240317032013,350,75,350,75,0,12,0,12,45,38,78,56,75,54,152,61,0,12,0,12,0,12,0,12,0,12,0,12,0,12
240317032152,413,79,308,67,0,12,0,12,61,38,70,41,110,59,67,33,105,77,0,12,37,60,46,46,0,12,11,19,11,17
240317032151,670,97,280,74,0,12,73,61,46,37,76,29,30,35,55,36,390,89,40,48,29,45,255,87,56,59,0,12,10,15
240317036013,359,67,265,75,0,12,70,64,42,29,65,31,34,42,54,31,94,54,25,40,20,32,7,11,33,35,9,13,0,12
240317036011,946,91,680,98,16,21,36,42,165,78,260,74,111,51,92,54,266,85,8,14,78,42,96,67,65,49,19,21,0,12
240317036012,453,63,399,61,25,22,24,20,41,29,141,54,68,36,100,51,54,40,0,12,20,22,24,38,0,12,0,12,10,15
240317043004,266,45,250,43,0,12,19,22,44,35,64,37,38,28,85,33,16,20,0,12,10,16,0,12,6,12,0,12,0,12
240317043003,216,40,205,41,9,13,19,22,15,17,55,36,45,32,62,35,11,17,0,12,11,17,0,12,0,12,0,12,0,12
240317043001,371,63,312,64,0,12,0,12,46,32,180,76,21,24,65,34,59,32,0,12,17,20,38,29,4,7,0,12,0,12
240317044012,465,54,416,56,0,12,39,30,70,39,105,46,96,45,106,35,49,36,0,12,13,19,15,21,12,19,9,15,0,12
240317044011,598,78,494,64,0,12,33,24,119,44,172,55,55,31,115,47,104,53,0,12,59,39,35,26,10,15,0,12,0,12
240317051004,278,38,270,37,4,5,11,7,64,21,53,16,41,16,97,21,8,7,0,12,2,3,6,6,0,12,0,12,0,12
240317051002,831,83,598,79,18,18,19,14,132,47,214,68,74,35,141,60,233,71,14,20,27,22,118,63,58,32,9,14,7,10
240317054001,448,35,413,41,10,10,16,14,75,28,117,30,97,34,98,35,35,19,7,11,7,10,16,14,0,12,0,12,5,7
240317054002,573,40,545,46,15,13,20,15,78,29,142,33,167,40,123,33,28,20,7,10,10,15,11,11,0,12,0,12,0,12
240317017042,507,61,407,63,0,12,30,22,54,34,143,48,90,41,90,54,100,58,9,14,8,12,77,59,6,10,0,12,0,12
240317023022,346,52,328,52,22,21,13,15,32,21,126,55,73,42,62,40,18,21,0,12,11,18,0,12,0,12,0,12,7,11
240317023023,806,79,392,66,6,10,7,12,34,25,141,53,137,50,67,31,414,89,48,46,144,72,156,87,16,19,50,43,0,12
240317026021,680,131,340,100,23,27,13,20,74,75,100,49,75,60,55,43,340,100,92,80,50,41,125,57,23,27,0,12,50,64
240317026022,1554,159,25,31,0,12,0,12,14,21,11,21,0,12,0,12,1529,166,184,85,409,128,488,168,357,126,72,72,19,22
240317032092,724,156,541,164,0,12,48,74,103,62,177,112,93,53,120,67,183,116,18,30,22,36,115,106,0,12,18,29,10,17
240317032093,554,144,334,88,0,12,60,59,16,26,154,79,13,20,91,71,220,128,0,12,17,32,135,91,51,82,17,32,0,12
240317002042,294,40,264,43,0,12,5,7,29,17,48,22,71,32,111,36,30,17,0,12,5,9,16,11,0,12,9,10,0,12
240317003041,357,109,193,67,0,12,0,12,12,19,51,41,72,52,58,44,164,105,0,12,94,75,51,81,0,12,19,30,0,12
240317007041,312,53,295,52,0,12,26,36,79,36,65,28,26,15,99,35,17,16,4,10,0,12,5,9,8,12,0,12,0,12
240317007043,225,52,22,15,0,12,0,12,0,12,17,12,5,9,0,12,203,50,0,12,102,40,84,44,17,15,0,12,0,12
240317008162,713,136,484,118,0,12,38,46,40,47,206,99,137,89,63,41,229,80,16,26,32,36,35,42,103,75,43,31,0,12
240317008163,655,143,441,128,20,35,65,57,74,63,133,78,97,73,52,44,214,120,0,12,50,44,143,108,21,38,0,12,0,12
240317006163,532,66,487,70,0,12,9,15,104,45,124,50,126,55,124,47,45,31,11,17,27,24,7,11,0,12,0,12,0,12
240317007171,1031,138,279,73,0,12,38,43,47,31,96,67,40,44,58,36,752,148,118,96,227,118,383,121,24,38,0,12,0,12
240317007174,314,97,128,51,0,12,0,12,0,12,94,55,21,32,13,22,186,92,0,12,35,51,70,74,27,33,38,43,16,25
240317032072,657,102,619,103,0,12,19,21,141,68,194,76,45,33,220,69,38,32,0,12,0,12,24,29,14,15,0,12,0,12
240317014101,511,150,448,149,0,12,0,12,141,90,248,138,24,38,35,39,63,97,0,12,0,12,63,97,0,12,0,12,0,12
240317015053,1097,157,792,117,19,30,19,30,102,61,220,98,170,92,262,109,305,123,0,12,50,40,137,113,53,72,65,60,0,12
240317017012,679,91,247,73,0,12,18,17,34,26,101,49,24,18,70,42,432,93,26,30,116,74,190,75,82,60,18,16,0,12
240317028001,626,130,415,110,0,12,66,53,59,50,75,52,105,59,110,66,211,135,55,86,24,27,17,27,67,80,48,70,0,12
240317032022,737,110,636,116,0,12,77,63,94,49,198,82,191,83,76,51,101,106,0,12,0,12,18,30,8,14,75,100,0,12
240317033014,404,69,339,72,7,12,8,14,31,29,85,54,61,42,147,58,65,54,0,12,37,43,28,42,0,12,0,12,0,12
240317033013,377,79,337,75,0,12,0,12,63,44,112,44,69,47,93,54,40,55,0,12,0,12,30,49,10,17,0,12,0,12
240317053002,386,22,364,23,0,12,2,3,107,25,89,23,74,23,92,19,22,13,0,12,4,5,4,6,8,9,6,7,0,12
240317056011,369,58,360,62,0,12,25,30,31,29,144,53,80,40,80,39,9,11,0,12,0,12,9,11,0,12,0,12,0,12
240317060083,954,64,907,70,38,30,37,31,188,71,296,69,145,57,203,53,47,32,0,12,0,12,32,24,0,12,7,11,8,13
240317001012,506,63,499,62,17,24,14,20,31,28,247,75,145,54,45,30,7,13,0,12,0,12,7,13,0,12,0,12,0,12
240317032124,1306,136,361,113,0,12,0,12,64,51,171,92,55,51,71,39,945,163,71,77,318,167,267,153,185,122,0,12,104,108
240317046001,340,72,288,70,0,12,16,26,74,49,93,60,48,44,57,43,52,65,0,12,0,12,52,65,0,12,0,12,0,12
240317046002,761,116,567,83,0,12,30,34,178,88,169,70,117,63,73,51,194,102,19,29,22,27,119,91,0,12,0,12,34,38
240317057014,333,48,290,48,18,17,20,21,36,27,58,36,79,47,79,33,43,29,9,13,14,18,20,21,0,12,0,12,0,12
240317013061,403,46,403,46,3,7,22,23,81,35,86,45,134,44,77,32,0,12,0,12,0,12,0,12,0,12,0,12,0,12
240317012011,812,139,418,118,0,12,42,46,129,107,143,74,76,53,28,29,394,137,31,36,35,38,176,98,152,102,0,12,0,12
240317008291,561,69,468,69,22,25,40,34,157,66,202,71,47,32,0,12,93,54,0,12,8,13,69,49,16,18,0,12,0,12
240317008331,454,88,365,95,0,12,0,12,44,38,159,79,135,63,27,23,89,60,14,20,11,20,64,54,0,12,0,12,0,12
240317008342,545,95,404,85,10,15,0,12,69,47,157,69,115,88,53,25,141,75,0,12,0,12,61,48,50,51,30,35,0,12
240317008352,873,70,767,74,21,30,36,27,126,49,359,77,172,57,53,36,106,53,3,12,42,36,51,39,0,12,10,16,0,12
240317010061,468,51,406,55,10,16,16,18,78,43,152,57,101,49,49,30,62,30,0,12,9,13,16,19,13,12,24,22,0,12
240317010071,985,72,583,94,13,20,44,26,127,56,399,86,0,12,0,12,402,79,50,36,147,61,169,62,36,37,0,12,0,12
240317012113,182,78,111,63,0,12,0,12,0,12,80,61,21,29,10,16,71,69,54,64,0,12,17,28,0,12,0,12,0,12
240317012153,704,97,481,113,0,12,54,59,32,36,202,111,93,63,100,56,223,98,0,12,26,33,166,85,31,35,0,12,0,12
240317012052,994,92,812,101,0,12,20,30,150,70,247,69,193,78,202,78,182,104,69,75,15,26,98,81,0,12,0,12,0,12
240317012162,1334,152,265,85,13,22,32,36,16,25,83,66,121,67,0,12,1069,162,145,92,457,152,297,113,155,81,15,24,0,12
240317012181,1100,60,105,43,0,12,15,16,45,43,14,16,23,21,8,12,995,71,109,63,287,83,390,95,156,66,45,29,8,13
240317012191,1573,75,42,36,0,12,11,18,25,32,0,12,6,10,0,12,1531,85,129,78,444,116,740,114,130,77,18,20,70,38
240317013141,566,57,505,61,0,12,18,21,104,41,206,68,75,45,102,36,61,37,0,12,23,22,23,18,6,11,0,12,9,14
240317013152,968,133,653,130,27,28,67,67,117,51,178,82,185,61,79,62,315,128,31,50,30,30,165,107,89,65,0,12,0,12
240317014231,449,85,400,78,19,19,25,25,86,46,159,77,94,48,17,21,49,40,0,12,10,14,31,35,8,13,0,12,0,12
240317015081,487,87,0,12,0,12,0,12,0,12,0,12,0,12,0,12,487,87,71,56,78,53,199,71,87,58,11,16,41,42
240317015091,481,108,435,111,12,22,54,68,60,37,136,84,63,50,110,64,46,43,0,12,0,12,16,25,14,22,16,26,0,12
240317015094,607,138,15,24,0,12,0,12,0,12,15,24,0,12,0,12,592,140,81,90,35,41,345,133,59,54,57,72,15,26
240317016022,550,109,0,12,0,12,0,12,0,12,0,12,0,12,0,12,550,109,64,55,153,84,213,96,95,66,8,12,17,28
240317037013,464,82,418,84,41,54,31,51,36,35,92,50,141,76,77,50,46,49,0,12,0,12,46,49,0,12,0,12,0,12
240317037023,377,64,307,73,0,12,31,41,34,27,98,44,79,44,65,42,70,57,0,12,12,20,58,51,0,12,0,12,0,12
240317041004,316,42,311,41,5,6,8,7,53,16,100,27,58,19,87,26,5,5,0,12,0,12,5,5,0,12,0,12,0,12
240317041003,413,47,388,47,11,18,20,16,97,43,90,42,63,37,107,40,25,22,0,12,0,12,16,17,0,12,0,12,9,13
240317059011,378,62,302,51,0,12,35,29,29,27,61,31,92,41,85,39,76,61,27,42,0,12,49,46,0,12,0,12,0,12
240317019002,380,88,67,50,13,21,0,12,8,13,16,26,30,31,0,12,313,73,77,59,32,29,112,55,46,53,46,72,0,12
240317007192,1202,209,369,136,14,22,0,12,121,66,234,124,0,12,0,12,833,202,76,50,247,140,407,166,103,95,0,12,0,12
240317002053,311,65,294,70,0,12,0,12,38,46,79,45,101,59,76,50,17,27,0,12,0,12,0,12,0,12,17,27,0,12
240317005003,650,92,491,93,0,12,0,12,86,80,97,49,194,66,114,54,159,79,0,12,43,39,106,71,10,17,0,12,0,12
240317006071,553,89,544,89,0,12,18,28,44,39,124,80,202,85,156,76,9,16,0,12,0,12,9,16,0,12,0,12,0,12
240317007132,579,114,241,98,13,19,26,32,78,60,29,48,81,61,14,21,338,94,73,55,62,48,82,64,63,67,43,48,15,26
240317013042,378,81,363,84,13,22,0,12,37,42,115,93,36,40,162,68,15,23,0,12,0,12,15,23,0,12,0,12,0,12
240317013041,599,76,578,74,0,12,45,46,203,87,144,80,56,43,130,65,21,30,0,12,0,12,0,12,21,30,0,12,0,12
240317001033,962,76,952,77,0,12,16,16,129,50,415,65,253,56,139,67,10,17,0,12,0,12,10,17,0,12,0,12,0,12
240317001043,324,56,314,57,9,14,9,14,20,22,132,60,127,41,17,12,10,15,0,12,0,12,10,15,0,12,0,12,0,12
240317001053,888,130,754,124,0,12,12,20,102,72,322,129,198,104,120,80,134,96,0,12,53,72,51,69,30,34,0,12,0,12
240317006112,1066,95,983,92,10,17,20,19,150,62,715,88,88,32,0,12,83,39,11,17,12,14,19,23,41,44,0,12,0,12
240317006133,287,61,263,64,0,12,42,47,55,52,113,50,35,41,18,28,24,33,0,12,0,12,24,33,0,12,0,12,0,12
240317006142,334,98,284,100,0,12,48,56,0,12,156,93,70,42,10,18,50,48,21,33,0,12,29,37,0,12,0,12,0,12
240317006152,502,40,477,39,5,9,6,9,50,22,188,44,77,37,151,35,25,16,0,12,5,7,20,15,0,12,0,12,0,12
240317009022,562,93,420,77,0,12,39,47,44,34,122,60,125,41,90,56,142,64,0,12,73,48,57,57,12,17,0,12,0,12
240317010022,720,62,683,72,0,12,117,63,94,45,105,46,151,55,216,64,37,27,0,12,24,22,8,14,5,9,0,12,0,12
240317010051,821,72,740,78,4,7,19,21,132,55,291,81,136,54,158,58,81,42,13,18,10,16,26,27,32,26,0,12,0,12
240317013081,587,87,462,75,0,12,57,39,169,67,92,42,67,34,77,38,125,65,9,14,26,28,9,15,81,59,0,12,0,12
240317034041,283,53,232,44,0,12,18,19,41,33,49,30,41,23,83,31,51,41,0,12,0,12,25,30,20,24,0,12,6,9
240317007103,409,97,358,87,0,12,19,30,68,51,107,69,81,45,83,52,51,63,13,23,0,12,0,12,38,61,0,12,0,12
240317007162,1307,197,773,173,0,12,46,56,48,45,301,109,246,123,132,71,534,154,0,12,97,94,204,133,161,145,72,59,0,12
240317016024,465,89,342,88,21,34,15,21,92,60,133,71,63,39,18,14,123,79,0,12,51,57,36,40,36,43,0,12,0,12
240317025004,2364,225,382,106,0,12,75,46,119,72,188,100,0,12,0,12,1982,229,305,156,533,205,992,223,152,99,0,12,0,12
240317032084,473,84,411,79,13,19,22,23,108,72,105,50,65,38,98,41,62,67,0,12,0,12,26,32,36,56,0,12,0,12
240317032162,832,87,664,98,0,12,0,12,175,87,297,91,110,65,82,67,168,72,0,12,52,46,32,24,80,52,4,14,0,12
240317032182,517,63,302,53,9,14,20,21,107,49,126,58,21,23,19,22,215,50,8,11,54,32,107,59,46,29,0,12,0,12
240317048033,598,101,30,31,0,12,0,12,0,12,21,27,9,15,0,12,568,100,109,79,220,91,152,66,49,41,29,35,9,13
240317048052,427,87,48,34,0,12,0,12,35,28,13,20,0,12,0,12,379,89,26,27,143,52,161,76,37,30,12,18,0,12
240317010012,866,112,561,85,8,13,31,34,80,58,219,76,103,52,120,61,305,77,43,34,117,68,129,66,16,21,0,12,0,12
240317010041,494,82,304,68,0,12,22,20,46,38,77,49,61,40,98,39,190,64,8,13,13,16,150,59,12,15,7,11,0,12
240317012151,457,82,262,77,0,12,16,26,41,36,68,43,56,48,81,49,195,71,0,12,60,44,105,56,17,29,13,22,0,12
240317015061,637,78,591,80,7,10,44,29,99,54,197,84,110,61,134,56,46,31,0,12,8,12,29,23,0,12,0,12,9,14
240317032082,344,64,296,52,0,12,21,24,41,28,63,36,52,40,119,46,48,59,8,13,0,12,40,59,0,12,0,12,0,12
240317032143,814,144,132,70,38,55,0,12,15,23,31,25,27,40,21,33,682,140,37,60,47,48,492,162,97,75,9,16,0,12
240317035012,597,121,412,121,0,12,51,47,99,70,94,69,103,76,65,39,185,95,0,12,37,54,96,80,36,34,0,12,16,29
240317035013,338,70,321,69,0,12,11,19,54,40,89,53,101,48,66,38,17,18,7,11,0,12,10,15,0,12,0,12,0,12
240317036023,333,39,315,40,0,12,24,24,53,35,77,34,88,37,73,41,18,21,8,13,0,12,10,17,0,12,0,12,0,12
240317043002,524,72,430,64,0,12,26,25,141,50,102,52,75,38,86,35,94,59,0,12,29,45,32,28,24,22,9,13,0,12
240317051003,266,42,230,32,2,3,9,6,49,23,72,27,40,18,58,22,36,42,3,4,2,3,30,41,0,12,0,12,1,3
240317051001,512,66,486,69,9,13,43,26,83,49,152,39,66,29,133,48,26,17,5,5,6,6,15,14,0,12,0,12,0,12
240317032091,1054,162,448,124,27,42,0,12,103,72,269,120,22,34,27,43,606,131,0,12,166,114,259,129,116,64,37,44,28,44
240317023021,406,66,223,46,0,12,41,35,51,37,67,34,45,28,19,20,183,67,13,16,52,40,79,54,39,39,0,12,0,12
240317002041,431,47,364,54,10,12,5,8,34,20,111,38,85,37,119,36,67,44,0,12,5,7,36,32,26,27,0,12,0,12
240317003042,525,119,505,120,0,12,18,30,71,58,388,120,28,36,0,12,20,31,0,12,0,12,0,12,20,31,0,12,0,12
240317007042,560,76,368,55,18,17,7,10,92,47,111,47,101,33,39,22,192,57,70,35,85,53,33,25,4,7,0,12,0,12
240317008161,757,175,129,86,0,12,0,12,21,33,49,67,49,48,10,17,628,147,91,85,149,80,336,131,40,43,0,12,12,18
240317058001,979,83,919,85,52,45,67,47,130,63,275,101,158,93,237,80,60,49,0,12,31,36,29,35,0,12,0,12,0,12
240317057023,484,59,444,61,35,30,16,18,102,44,138,51,70,43,83,41,40,38,10,15,11,18,19,23,0,12,0,12,0,12
240317059031,658,61,629,67,0,12,37,32,112,46,180,63,143,72,157,49,29,27,0,12,9,14,20,22,0,12,0,12,0,12
240317014141,677,127,551,119,21,33,0,12,149,99,108,67,167,75,106,64,126,105,38,60,18,30,70,85,0,12,0,12,0,12
240317013131,647,55,618,53,0,12,17,20,68,46,176,54,210,58,147,49,29,26,10,14,0,12,0,12,11,16,8,12,0,12
240317017031,415,64,363,51,16,18,0,12,49,35,120,55,89,39,89,45,52,43,0,12,0,12,15,22,37,38,0,12,0,12
240317008111,449,77,283,79,0,12,31,27,93,60,78,48,63,58,18,19,166,60,23,27,47,30,80,55,7,12,9,13,0,12
240317008172,1013,159,145,98,78,90,0,12,0,12,37,44,0,12,30,25,868,163,242,127,206,113,346,119,41,39,0,12,33,37
240317011022,636,152,357,97,14,21,16,24,36,43,102,76,99,59,90,51,279,151,0,12,53,51,151,111,75,91,0,12,0,12
240317011024,245,83,166,68,0,12,0,12,40,31,81,58,26,29,19,29,79,82,0,12,0,12,65,75,14,23,0,12,0,12
240317007201,564,75,276,73,0,12,0,12,63,59,70,42,90,38,53,28,288,82,44,43,153,74,50,33,41,42,0,12,0,12
240317007212,754,108,313,80,0,12,31,28,78,41,90,54,77,55,37,32,441,96,36,32,183,80,137,81,64,40,9,15,12,18
240317007231,774,126,83,64,24,38,0,12,0,12,39,47,0,12,20,33,691,119,44,36,70,63,210,86,267,118,83,57,17,18
240317007241,1266,71,88,28,0,12,0,12,58,31,8,12,22,21,0,12,1178,81,72,61,262,116,495,139,245,106,73,54,31,37
240317008201,984,52,289,58,9,11,18,15,27,20,51,31,115,48,69,28,695,69,76,34,217,67,306,79,70,41,6,9,20,32
240317008232,220,44,220,44,7,12,0,12,0,12,61,45,57,36,95,36,0,12,0,12,0,12,0,12,0,12,0,12,0,12
240317008262,1019,118,712,113,14,24,0,12,212,85,388,108,98,68,0,12,307,81,75,58,74,55,129,76,29,32,0,12,0,12
240317018001,739,120,289,69,7,14,6,11,45,47,122,58,34,26,75,45,450,126,0,12,40,61,87,59,199,90,65,49,59,37
240317018002,488,104,102,33,0,12,0,12,11,17,46,28,14,16,31,16,386,107,48,58,0,12,178,89,73,44,63,56,24,26
240317029003,435,116,203,72,0,12,28,46,22,34,20,26,44,42,89,50,232,100,25,29,59,74,83,71,65,49,0,12,0,12
240317034022,733,73,625,84,12,18,48,39,48,37,255,83,142,53,120,46,108,56,0,12,0,12,42,34,57,50,9,15,0,12
240317024011,323,37,290,42,0,12,10,12,65,29,87,34,73,34,55,26,33,19,0,12,5,7,18,14,5,8,0,12,5,8
240317026013,582,133,98,46,0,12,0,12,43,35,55,53,0,12,0,12,484,141,92,57,104,77,205,110,67,48,16,26,0,12
240317031001,382,76,374,76,0,12,35,42,43,32,128,57,74,48,94,51,8,13,0,12,8,13,0,12,0,12,0,12,0,12
240317031002,312,81,305,82,0,12,7,12,93,56,85,43,42,43,78,55,7,11,7,11,0,12,0,12,0,12,0,12,0,12
240317042002,456,44,328,38,4,7,22,16,78,41,89,32,58,26,77,26,128,39,0,12,23,18,77,43,21,15,7,11,0,12
240317006082,855,80,833,81,14,16,11,16,147,53,409,92,230,56,22,18,22,26,0,12,11,17,11,19,0,12,0,12,0,12
240317007061,1305,85,385,61,25,23,66,36,278,69,7,11,0,12,9,13,920,97,182,81,193,72,382,96,134,65,18,28,11,17
240317012022,448,43,399,47,0,12,46,33,83,39,116,45,90,38,64,30,49,30,0,12,0,12,38,25,0,12,0,12,11,15
240317012064,675,93,598,93,0,12,15,23,89,53,259,92,106,62,129,68,77,70,0,12,0,12,77,70,0,12,0,12,0,12
240317012121,268,31,262,32,9,12,19,16,22,17,78,30,65,27,69,29,6,10,0,12,0,12,6,10,0,12,0,12,0,12
240317020001,486,106,209,57,0,12,8,14,20,25,44,38,42,30,95,49,277,99,22,34,34,42,70,59,125,87,26,31,0,12
240317012132,577,108,315,100,12,20,47,46,92,67,102,59,39,34,23,37,262,121,67,92,59,54,136,72,0,12,0,12,0,12
240317034032,312,51,277,47,8,11,25,32,45,31,95,40,31,22,73,35,35,30,20,26,6,9,9,12,0,12,0,12,0,12
240317008131,352,65,332,69,29,45,12,20,35,28,117,50,64,34,75,41,20,17,8,13,0,12,12,13,0,12,0,12,0,12
240317008132,392,81,240,77,0,12,0,12,74,54,56,48,65,37,45,45,152,67,0,12,7,11,52,39,84,55,0,12,9,15
240317002063,846,67,837,69,0,12,69,41,104,48,303,83,159,51,202,58,9,14,0,12,9,14,0,12,0,12,0,12,0,12
240317052003,481,44,457,45,22,18,4,4,75,31,185,38,53,25,118,43,24,14,3,4,0,12,21,14,0,12,0,12,0,12
240317014071,715,88,705,87,0,12,81,50,104,49,131,72,170,66,219,68,10,15,0,12,0,12,10,15,0,12,0,12,0,12
240317021013,393,77,358,72,25,35,12,20,94,60,47,30,129,62,51,33,35,44,0,12,0,12,27,42,8,13,0,12,0,12
240317040001,228,77,195,79,22,36,34,39,31,36,65,58,0,12,43,38,33,40,15,27,0,12,18,30,0,12,0,12,0,12
240317045011,204,45,187,45,0,12,8,12,32,28,51,35,16,13,80,37,17,20,0,12,0,12,8,12,9,16,0,12,0,12
240317045013,326,57,273,55,28,23,27,31,23,19,104,47,49,34,42,24,53,44,0,12,0,12,53,44,0,12,0,12,0,12
240317047002,267,38,202,39,0,12,0,12,21,20,54,30,46,30,81,39,65,27,19,20,8,13,21,22,17,21,0,12,0,12
240317047001,254,43,204,49,6,10,27,41,24,26,34,24,60,30,53,32,50,31,12,17,8,13,13,15,7,11,10,15,0,12
240317059021,645,60,582,66,14,20,13,19,69,41,133,50,207,65,146,52,63,33,21,21,8,12,24,26,10,15,0,12,0,12
240317060073,892,107,852,109,0,12,50,46,139,75,232,100,182,85,249,82,40,43,0,12,0,12,40,43,0,12,0,12,0,12
240317055023,571,55,497,54,11,13,40,39,103,37,127,36,81,31,135,39,74,37,0,12,20,18,32,24,22,20,0,12,0,12
240317060111,711,65,659,69,30,43,45,32,114,52,189,75,213,65,68,34,52,35,0,12,11,17,23,26,18,20,0,12,0,12
240317055011,672,93,504,76,41,34,68,35,97,51,115,48,97,43,86,38,168,56,6,11,65,41,53,32,44,32,0,12,0,12
240317060122,651,76,435,84,10,16,36,32,120,59,85,43,82,43,102,57,216,83,47,54,73,45,72,55,24,23,0,12,0,12
240317060132,460,49,426,52,4,7,25,17,133,43,90,30,81,32,93,29,34,22,0,12,9,9,25,19,0,12,0,12,0,12
240317060093,498,51,483,54,0,12,28,21,87,39,127,51,115,49,126,43,15,18,6,9,9,16,0,12,0,12,0,12,0,12
240317014084,604,97,571,101,0,12,76,90,39,37,109,58,132,55,215,78,33,36,0,12,16,25,17,27,0,12,0,12,0,12
240317013124,409,70,386,72,0,12,11,18,95,57,97,59,31,38,152,65,23,37,23,37,0,12,0,12,0,12,0,12,0,12
240317013123,742,114,682,116,15,24,20,26,99,54,261,131,124,73,163,61,60,55,0,12,0,12,31,36,29,41,0,12,0,12
240317014151,350,101,350,101,0,12,29,36,24,35,126,74,54,49,117,67,0,12,0,12,0,12,0,12,0,12,0,12,0,12
240317014172,726,151,88,65,0,12,0,12,0,12,88,65,0,12,0,12,638,160,15,25,152,83,379,149,92,85,0,12,0,12
240317015071,740,76,632,79,0,12,45,46,59,40,173,70,165,56,190,58,108,70,0,12,20,20,79,66,0,12,0,12,9,16
240317034011,628,106,457,101,0,12,0,12,142,84,87,57,89,43,139,56,171,91,0,12,29,32,61,67,71,70,10,16,0,12
240317034014,206,81,43,24,0,12,0,12,0,12,23,24,0,12,20,20,163,80,25,31,35,49,64,51,39,50,0,12,0,12
240317007111,790,81,729,92,0,12,10,15,178,66,245,95,142,67,154,63,61,36,0,12,13,20,38,28,10,15,0,12,0,12
240317008121,986,108,592,95,26,26,77,56,87,54,202,84,116,50,84,44,394,93,57,51,134,67,128,54,69,57,6,10,0,12
240317008191,396,106,345,100,0,12,0,12,132,81,120,59,35,39,58,71,51,32,11,18,32,28,8,16,0,12,0,12,0,12
240317013071,1352,70,1281,71,29,32,103,46,346,77,352,73,272,69,179,55,71,41,7,11,30,30,34,29,0,12,0,12,0,12
