bg2010,total,totalSE,ownerTotal,ownerTotalSE,ownerPprR1,ownerPprR1SE,ownerPprR2,ownerPprR2SE,ownerPprR3,ownerPprR3SE,ownerPprR4,ownerPprR4SE,ownerPprR5,ownerPprR5SE,renterTotal,renterTotalSE,renterPprR1,renterPprR1SE,renterPprR2,renterPprR2SE,renterPprR3,renterPprR3SE,renterPprR4,renterPprR4SE,renterPprR5,renterPprR5SE
240317001041,839,73,729,85,554,79,175,71,0,12,0,12,0,12,110,63,29,26,81,54,0,12,0,12,0,12
240317001042,711,81,564,94,409,77,132,68,23,28,0,12,0,12,147,88,10,16,104,80,33,48,0,12,0,12
240317001051,471,106,316,98,226,87,78,65,12,20,0,12,0,12,155,97,65,60,90,82,0,12,0,12,0,12
240317001052,660,97,634,94,553,101,81,65,0,12,0,12,0,12,26,30,26,30,0,12,0,12,0,12,0,12
240317002071,859,90,693,84,481,83,199,62,7,13,0,12,6,10,166,92,62,44,94,85,10,16,0,12,0,12
240317002072,965,108,774,105,609,93,128,61,37,44,0,12,0,12,191,81,131,81,60,45,0,12,0,12,0,12
240317002081,408,47,327,48,282,50,39,30,6,9,0,12,0,12,81,41,59,33,22,26,0,12,0,12,0,12
240317002082,337,44,304,47,279,48,25,17,0,12,0,12,0,12,33,33,23,28,10,15,0,12,0,12,0,12
240317003043,702,119,702,119,552,142,150,76,0,12,0,12,0,12,0,12,0,12,0,12,0,12,0,12,0,12
240317003044,955,153,285,84,217,85,51,49,17,28,0,12,0,12,670,159,385,133,285,147,0,12,0,12,0,12
240317003063,851,135,621,128,452,120,169,85,0,12,0,12,0,12,230,107,59,47,171,98,0,12,0,12,0,12
240317003083,367,114,299,122,253,126,46,48,0,12,0,12,0,12,68,51,58,53,0,12,10,17,0,12,0,12
240317003112,378,91,356,96,316,96,40,37,0,12,0,12,0,12,22,26,22,26,0,12,0,12,0,12,0,12
240317003084,867,142,719,133,554,131,143,79,22,31,0,12,0,12,148,110,100,96,48,47,0,12,0,12,0,12
240317003104,332,118,332,118,332,118,0,12,0,12,0,12,0,12,0,12,0,12,0,12,0,12,0,12,0,12
240317003111,1348,161,1130,143,779,168,351,126,0,12,0,12,0,12,218,115,173,105,45,44,0,12,0,12,0,12
240317003113,1347,148,1243,157,924,165,298,122,21,34,0,12,0,12,104,64,93,62,11,18,0,12,0,12,0,12
240317003121,287,64,267,60,267,60,0,12,0,12,0,12,0,12,20,24,20,24,0,12,0,12,0,12,0,12
240317003122,655,89,628,91,495,78,121,71,12,17,0,12,0,12,27,25,18,21,9,15,0,12,0,12,0,12
240317003123,930,92,790,103,605,95,164,78,21,22,0,12,0,12,140,72,61,48,79,58,0,12,0,12,0,12
240317006111,648,67,590,71,417,77,173,52,0,12,0,12,0,12,58,36,37,29,0,12,13,20,8,13,0,12
240317006131,723,115,674,117,578,116,83,69,13,23,0,12,0,12,49,37,35,32,14,22,0,12,0,12,0,12
240317006132,762,105,649,110,531,107,110,74,0,12,0,12,8,17,113,69,67,56,46,48,0,12,0,12,0,12
240317006134,429,92,0,12,0,12,0,12,0,12,0,12,0,12,429,92,317,100,112,83,0,12,0,12,0,12
240317006141,745,117,455,131,303,119,152,97,0,12,0,12,0,12,290,133,252,128,16,29,22,33,0,12,0,12
240317006143,1126,110,464,126,431,133,33,40,0,12,0,12,0,12,662,149,435,115,202,131,25,40,0,12,0,12
240317006151,454,41,419,45,388,48,31,17,0,12,0,12,0,12,35,21,24,18,11,12,0,12,0,12,0,12
240317006161,409,52,350,60,305,60,45,34,0,12,0,12,0,12,59,67,17,26,42,66,0,12,0,12,0,12
240317006162,657,69,597,74,533,80,64,41,0,12,0,12,0,12,60,37,38,28,22,25,0,12,0,12,0,12
240317007105,333,99,333,99,280,95,53,54,0,12,0,12,0,12,0,12,0,12,0,12,0,12,0,12,0,12
240317007133,934,157,0,12,0,12,0,12,0,12,0,12,0,12,934,157,245,135,427,165,92,72,154,105,16,28
240317007172,436,131,149,61,89,56,60,59,0,12,0,12,0,12,287,119,67,63,154,94,47,47,19,31,0,12
240317007173,817,157,552,140,368,133,160,99,24,31,0,12,0,12,265,130,115,95,101,87,30,47,19,29,0,12
240317007181,1970,115,896,109,717,107,179,65,0,12,0,12,0,12,1074,115,594,102,409,98,41,39,30,34,0,12
240317009031,755,37,290,37,174,42,116,35,0,12,0,12,0,12,465,44,231,70,206,66,21,25,0,12,7,12
240317011013,162,48,156,47,121,42,20,24,15,23,0,12,0,12,6,9,6,9,0,12,0,12,0,12,0,12
240317011014,356,56,343,52,289,52,46,29,8,12,0,12,0,12,13,23,13,23,0,12,0,12,0,12,0,12
240317011011,275,83,260,85,221,85,39,41,0,12,0,12,0,12,15,23,15,23,0,12,0,12,0,12,0,12
240317011012,458,71,396,80,311,77,85,59,0,12,0,12,0,12,62,39,43,29,19,30,0,12,0,12,0,12
240317011015,286,80,253,83,193,79,26,25,34,42,0,12,0,12,33,39,6,11,0,12,27,38,0,12,0,12
240317014103,900,169,798,185,566,160,195,112,37,55,0,12,0,12,102,68,28,34,17,27,34,49,23,38,0,12
240317032071,990,134,7,11,0,12,7,11,0,12,0,12,0,12,983,134,247,93,536,127,174,101,26,43,0,12
240317015052,625,119,573,133,243,100,322,151,0,12,8,25,0,12,52,51,52,51,0,12,0,12,0,12,0,12
240317014102,1455,163,752,143,540,120,144,74,49,54,19,33,0,12,703,194,298,162,388,187,17,28,0,12,0,12
240317015051,855,168,0,12,0,12,0,12,0,12,0,12,0,12,855,168,360,146,399,192,0,12,96,111,0,12
240317017011,345,90,107,37,107,37,0,12,0,12,0,12,0,12,238,92,197,99,41,34,0,12,0,12,0,12
240317017013,358,48,341,44,308,49,33,24,0,12,0,12,0,12,17,19,17,19,0,12,0,12,0,12,0,12
240317028003,296,60,251,61,195,48,56,46,0,12,0,12,0,12,45,38,38,37,7,15,0,12,0,12,0,12
240317028002,1158,126,0,12,0,12,0,12,0,12,0,12,0,12,1158,126,563,131,468,123,16,24,53,50,58,93
240317032021,570,82,521,76,470,96,51,47,0,12,0,12,0,12,49,50,36,42,0,12,13,22,0,12,0,12
240317032023,789,99,666,95,498,108,168,71,0,12,0,12,0,12,123,59,84,55,23,36,0,12,16,26,0,12
240317033012,198,69,164,57,113,38,51,43,0,12,0,12,0,12,34,37,0,12,34,37,0,12,0,12,0,12
240317033011,360,90,306,93,187,64,58,57,61,61,0,12,0,12,54,31,41,32,13,19,0,12,0,12,0,12
240317045022,606,41,572,40,512,49,60,30,0,12,0,12,0,12,34,20,22,18,12,12,0,12,0,12,0,12
240317045021,259,35,253,34,239,36,14,13,0,12,0,12,0,12,6,9,0,12,6,9,0,12,0,12,0,12
240317053001,259,23,245,25,238,25,7,8,0,12,0,12,0,12,14,11,8,7,6,8,0,12,0,12,0,12
240317056012,352,59,345,57,315,60,30,30,0,12,0,12,0,12,7,12,7,12,0,12,0,12,0,12,0,12
240317056013,287,57,257,58,219,55,38,29,0,12,0,12,0,12,30,25,24,25,6,8,0,12,0,12,0,12
240317001011,592,68,540,72,455,75,85,49,0,12,0,12,0,12,52,35,49,35,3,4,0,12,0,12,0,12
240317060082,291,42,269,44,254,43,15,17,0,12,0,12,0,12,22,17,22,17,0,12,0,12,0,12,0,12
240317060081,477,68,456,69,419,73,37,29,0,12,0,12,0,12,21,22,8,13,13,18,0,12,0,12,0,12
240317001013,268,46,204,45,183,42,21,24,0,12,0,12,0,12,64,41,12,16,26,27,26,37,0,12,0,12
240317002051,2517,190,2021,165,1247,197,756,154,18,28,0,17,0,17,496,125,204,125,281,122,11,19,0,17,0,17
240317032121,321,77,294,74,230,82,51,45,0,12,0,12,13,21,27,45,22,26,1,26,0,12,0,12,4,12
240317032122,1125,134,1090,137,947,132,107,66,36,34,0,12,0,12,35,39,35,39,0,12,0,12,0,12,0,12
240317032123,629,113,584,116,562,118,22,31,0,12,0,12,0,12,45,44,45,44,0,12,0,12,0,12,0,12
240317046003,348,91,281,80,281,80,0,12,0,12,0,12,0,12,67,71,67,71,0,12,0,12,0,12,0,12
240317046004,340,63,318,68,269,72,49,39,0,12,0,12,0,12,22,26,13,21,9,15,0,12,0,12,0,12
240317056022,1828,144,904,151,848,154,56,50,0,12,0,12,0,12,924,171,470,158,410,147,25,37,19,30,0,12
240317056021,653,134,0,12,0,12,0,12,0,12,0,12,0,12,653,134,363,116,290,122,0,12,0,12,0,12
240317057013,746,89,330,54,298,51,23,24,9,14,0,12,0,12,416,83,245,81,163,61,8,13,0,12,0,12
240317013062,547,50,547,50,536,53,11,15,0,12,0,12,0,12,0,12,0,12,0,12,0,12,0,12,0,12
240317012013,619,114,504,113,378,120,76,59,50,61,0,12,0,12,115,81,33,39,82,72,0,12,0,12,0,12
240317012012,734,132,443,144,287,112,156,108,0,12,0,12,0,12,291,117,159,87,113,76,19,32,0,12,0,12
240317008281,850,33,799,39,728,43,71,29,0,12,0,12,0,12,51,22,35,18,16,14,0,12,0,12,0,12
240317008292,734,81,538,88,422,76,116,43,0,12,0,12,0,12,196,65,124,57,72,40,0,12,0,12,0,12
240317008301,1094,73,203,54,123,58,69,41,11,17,0,12,0,12,891,91,420,104,358,114,76,57,28,30,9,15
240317008321,957,61,717,95,453,83,194,68,63,32,7,10,0,12,240,69,78,46,149,50,13,15,0,12,0,12
240317008332,716,112,599,115,402,84,174,101,15,22,8,12,0,12,117,64,49,40,68,57,0,12,0,12,0,12
240317008341,315,72,285,81,206,79,64,46,15,24,0,12,0,12,30,34,0,12,30,34,0,12,0,12,0,12
240317008343,821,113,445,104,304,87,141,68,0,12,0,12,0,12,376,108,203,87,155,94,18,28,0,12,0,12
240317008351,489,67,429,74,398,69,31,32,0,12,0,12,0,12,60,71,7,11,53,70,0,12,0,12,0,12
240317009012,867,127,473,131,307,98,166,92,0,12,0,12,0,12,394,138,266,106,89,57,39,55,0,12,0,12
240317009042,511,87,41,27,28,24,13,21,0,12,0,12,0,12,470,89,89,47,230,81,137,74,14,20,0,12
240317010062,795,54,750,58,695,69,45,26,0,12,10,15,0,12,45,29,37,26,8,11,0,12,0,12,0,12
240317010063,580,57,433,58,381,61,52,32,0,12,0,12,0,12,147,46,127,43,20,22,0,12,0,12,0,12
240317010072,420,56,134,35,112,35,9,14,0,12,0,12,13,19,286,57,203,59,83,44,0,12,0,12,0,12
240317012054,247,60,247,60,247,60,0,12,0,12,0,12,0,12,0,12,0,12,0,12,0,12,0,12,0,12
240317012134,521,104,424,111,348,76,76,95,0,12,0,12,0,12,97,60,81,56,16,26,0,12,0,12,0,12
240317012135,751,103,294,84,187,71,107,81,0,12,0,12,0,12,457,101,244,102,196,77,17,27,0,12,0,12
240317012154,620,108,251,59,235,60,16,24,0,12,0,12,0,12,369,107,234,88,135,85,0,12,0,12,0,12
240317012161,271,72,258,77,160,73,98,63,0,12,0,12,0,12,13,20,13,20,0,12,0,12,0,12,0,12
240317012051,788,86,755,89,701,90,54,38,0,12,0,12,0,12,33,33,33,33,0,12,0,12,0,12,0,12
240317012053,386,95,0,12,0,12,0,12,0,12,0,12,0,12,386,95,255,101,107,61,24,29,0,12,0,12
240317012103,409,61,377,66,377,66,0,12,0,12,0,12,0,12,32,38,32,38,0,12,0,12,0,12,0,12
240317012163,777,140,14,23,14,23,0,12,0,12,0,12,0,12,763,143,380,130,383,130,0,12,0,12,0,12
240317012164,652,113,452,110,386,108,66,54,0,12,0,12,0,12,200,94,111,69,89,74,0,12,0,12,0,12
240317012182,0,12,0,12,0,12,0,12,0,12,0,12,0,12,0,12,0,12,0,12,0,12,0,12,0,12
240317012183,316,47,205,45,181,45,24,17,0,12,0,12,0,12,111,47,87,45,7,11,8,11,0,12,9,14
240317012201,469,56,459,57,431,63,28,24,0,12,0,12,0,12,10,15,10,15,0,12,0,12,0,12,0,12
240317012202,768,66,692,55,605,63,87,37,0,12,0,12,0,12,76,52,58,49,18,20,0,12,0,12,0,12
240317012211,602,64,593,66,484,68,109,41,0,12,0,12,0,12,9,14,9,14,0,12,0,12,0,12,0,12
240317012212,1019,79,297,66,200,67,97,45,0,12,0,12,0,12,722,83,431,87,206,68,46,31,39,47,0,12
240317013162,1167,133,1034,124,1024,128,10,16,0,12,0,12,0,12,133,63,92,52,0,12,0,12,0,12,41,31
240317013142,461,52,427,59,299,57,128,54,0,12,0,12,0,12,34,29,28,28,6,10,0,12,0,12,0,12
240317013151,730,96,572,76,490,82,82,49,0,12,0,12,0,12,158,63,146,60,12,19,0,12,0,12,0,12
240317013161,997,131,769,114,675,123,94,58,0,12,0,12,0,12,228,115,140,77,88,89,0,12,0,12,0,12
240317013171,442,59,372,56,314,45,58,36,0,12,0,12,0,12,70,60,32,27,38,58,0,12,0,12,0,12
240317013172,462,59,462,59,397,67,65,45,0,12,0,12,0,12,0,12,0,12,0,12,0,12,0,12,0,12
240317013173,427,55,419,58,413,58,6,10,0,12,0,12,0,12,8,13,8,13,0,12,0,12,0,12,0,12
240317014154,327,93,290,103,271,98,19,30,0,12,0,12,0,12,37,42,15,24,22,35,0,12,0,12,0,12
240317014173,619,143,192,72,126,55,52,48,0,12,0,12,14,26,427,138,308,129,83,70,24,28,0,12,12,20
240317014174,892,189,380,113,292,107,62,53,26,40,0,12,0,12,512,166,300,147,212,126,0,12,0,12,0,12
240317014181,1123,56,976,86,669,106,300,90,7,12,0,12,0,12,147,66,138,68,9,17,0,12,0,12,0,12
240317014201,1767,184,774,166,671,153,103,66,0,12,0,12,0,12,993,188,932,180,61,43,0,12,0,12,0,12
240317014202,425,105,33,36,33,36,0,12,0,12,0,12,0,12,392,110,373,109,19,29,0,12,0,12,0,12
240317014203,536,101,474,106,369,111,105,90,0,12,0,12,0,12,62,54,36,39,26,38,0,12,0,12,0,12
240317014204,419,116,366,119,263,107,103,56,0,12,0,12,0,12,53,55,35,46,18,31,0,12,0,12,0,12
240317014211,570,20,424,52,240,54,169,48,15,18,0,12,0,12,146,49,102,46,44,26,0,12,0,12,0,12
240317014221,584,106,0,12,0,12,0,12,0,12,0,12,0,12,584,106,273,90,242,83,16,20,41,31,12,17
240317014222,450,89,11,18,11,18,0,12,0,12,0,12,0,12,439,87,188,83,183,72,35,47,25,32,8,13
240317014232,585,92,230,67,166,58,60,36,4,8,0,12,0,12,355,95,175,70,164,71,16,22,0,12,0,12
240317014233,744,92,247,68,185,72,54,36,8,15,0,12,0,12,497,102,292,112,205,86,0,12,0,12,0,12
240317015082,227,71,40,26,34,25,6,11,0,12,0,12,0,12,187,70,113,62,61,43,8,13,0,12,5,9
240317015083,817,111,272,75,149,71,123,50,0,12,0,12,0,12,545,100,312,83,199,78,28,28,6,10,0,12
240317015092,506,135,0,12,0,12,0,12,0,12,0,12,0,12,506,135,243,102,208,106,0,12,33,47,22,34
240317015093,663,140,13,22,0,12,13,22,0,12,0,12,0,12,650,142,311,134,221,124,118,91,0,12,0,12
240317016011,782,31,30,19,15,15,15,13,0,12,0,12,0,12,752,37,353,51,246,57,107,46,11,11,35,33
240317016021,483,105,76,36,59,42,17,18,0,12,0,12,0,12,407,106,80,60,195,89,40,49,83,65,9,14
240317037012,363,80,301,77,172,67,115,67,14,24,0,12,0,12,62,49,35,37,9,15,18,27,0,12,0,12
240317037021,270,59,200,52,148,55,32,31,20,34,0,12,0,12,70,48,9,16,20,32,0,12,0,12,41,45
240317037022,226,74,183,75,145,69,38,34,0,12,0,12,0,12,43,33,43,33,0,12,0,12,0,12,0,12
240317037024,291,75,229,66,176,54,53,48,0,12,0,12,0,12,62,56,13,15,49,55,0,12,0,12,0,12
240317041001,440,55,422,56,359,57,63,32,0,12,0,12,0,12,18,18,8,11,10,14,0,12,0,12,0,12
240317041002,402,61,350,61,310,67,40,37,0,12,0,12,0,12,52,23,45,24,7,12,0,12,0,12,0,12
240317059013,547,81,493,81,478,85,15,18,0,12,0,12,0,12,54,32,46,29,8,13,0,12,0,12,0,12
240317059012,599,60,542,66,496,67,46,35,0,12,0,12,0,12,57,39,44,37,13,16,0,12,0,12,0,12
240317003091,1006,136,780,150,521,120,235,109,24,41,0,12,0,12,226,128,152,98,74,76,0,12,0,12,0,12
240317057012,337,44,292,45,260,50,32,24,0,12,0,12,0,12,45,32,45,32,0,12,0,12,0,12,0,12
240317057011,306,46,265,46,230,54,35,26,0,12,0,12,0,12,41,38,30,33,11,16,0,12,0,12,0,12
240317060051,497,76,445,73,385,69,60,44,0,12,0,12,0,12,52,54,40,50,12,18,0,12,0,12,0,12
240317060052,380,57,310,46,295,47,15,17,0,12,0,12,0,12,70,57,61,58,9,15,0,12,0,12,0,12
240317060053,703,74,568,72,544,74,24,19,0,12,0,12,0,12,135,61,114,59,21,24,0,12,0,12,0,12
240317007182,757,109,137,59,137,59,0,12,0,12,0,12,0,12,620,117,406,90,195,99,19,31,0,12,0,12
240317007191,580,120,296,130,204,132,92,65,0,12,0,12,0,12,284,151,17,25,223,132,44,67,0,12,0,12
240317007193,1199,204,348,114,227,102,100,70,21,32,0,12,0,12,851,205,505,174,194,101,0,12,105,119,47,74
240317019001,459,108,39,34,39,34,0,12,0,12,0,12,0,12,420,105,132,86,157,95,54,58,70,73,7,14
240317019003,333,65,149,54,133,50,16,17,0,12,0,12,0,12,184,65,127,55,57,36,0,12,0,12,0,12
240317002052,830,90,782,104,617,115,146,72,19,30,0,12,0,12,48,43,35,38,13,21,0,12,0,12,0,12
240317005002,667,97,563,96,405,93,158,79,0,12,0,12,0,12,104,79,93,77,11,18,0,12,0,12,0,12
240317005001,838,128,721,138,655,144,52,45,14,22,0,12,0,12,117,55,84,53,33,32,0,12,0,12,0,12
240317006072,453,74,340,92,295,92,45,46,0,12,0,12,0,12,113,61,72,46,41,49,0,12,0,12,0,12
240317006101,679,32,621,33,539,41,78,25,0,12,4,6,0,12,58,30,30,21,28,25,0,12,0,12,0,12
240317007131,524,124,263,85,196,71,67,50,0,12,0,12,0,12,261,130,144,97,100,77,17,26,0,12,0,12
240317012112,1429,155,630,126,568,127,62,51,0,12,0,12,0,12,799,140,410,150,292,128,97,78,0,12,0,12
240317012111,889,138,550,118,506,115,44,38,0,12,0,12,0,12,339,123,273,111,66,56,0,12,0,12,0,12
240317013044,581,87,572,87,548,84,24,29,0,12,0,12,0,12,9,8,4,5,5,6,0,12,0,12,0,12
240317013043,465,84,450,85,404,77,46,46,0,12,0,12,0,12,15,23,15,23,0,12,0,12,0,12,0,12
240317039012,340,57,309,51,255,50,54,35,0,12,0,12,0,12,31,35,12,19,19,29,0,12,0,12,0,12
240317039011,452,69,353,62,266,59,87,48,0,12,0,12,0,12,99,53,48,34,51,42,0,12,0,12,0,12
240317039013,313,59,241,65,228,61,13,18,0,12,0,12,0,12,72,41,60,39,12,16,0,12,0,12,0,12
240317057021,408,54,369,57,328,61,41,30,0,12,0,12,0,12,39,34,24,26,15,22,0,12,0,12,0,12
240317057022,852,65,700,79,673,82,27,24,0,12,0,12,0,12,152,54,79,44,73,41,0,12,0,12,0,12
240317058002,862,79,784,90,720,103,64,51,0,12,0,12,0,12,78,51,60,41,18,29,0,12,0,12,0,12
240317058003,418,77,284,67,273,67,11,10,0,12,0,12,0,12,134,63,108,61,26,27,0,12,0,12,0,12
240317059033,348,49,329,54,263,51,66,37,0,12,0,12,0,12,19,22,19,22,0,12,0,12,0,12,0,12
240317059032,506,65,472,67,435,68,23,21,14,19,0,12,0,12,34,28,28,27,6,10,0,12,0,12,0,12
240317014142,396,91,356,92,356,92,0,12,0,12,0,12,0,12,40,44,0,12,40,44,0,12,0,12,0,12
240317014143,629,148,448,106,263,82,185,114,0,12,0,12,0,12,181,120,71,56,110,103,0,12,0,12,0,12
240317014144,755,166,366,117,328,117,38,42,0,12,0,12,0,12,389,129,210,94,179,122,0,12,0,12,0,12
240317013132,591,59,499,59,413,61,86,34,0,12,0,12,0,12,92,72,92,72,0,12,0,12,0,12,0,12
240317017032,372,77,206,57,141,45,65,36,0,12,0,12,0,12,166,87,100,64,66,73,0,12,0,12,0,12
240317017033,521,91,235,67,196,63,39,30,0,12,0,12,0,12,286,101,152,100,109,76,8,13,17,20,0,12
240317017041,573,67,370,55,322,61,48,35,0,12,0,12,0,12,203,63,138,65,42,44,23,37,0,12,0,12
240317006074,880,90,760,101,639,111,121,64,0,12,0,12,0,12,120,67,34,39,86,51,0,12,0,12,0,12
240317006073,510,82,481,87,358,98,123,73,0,12,0,12,0,12,29,34,0,12,29,34,0,12,0,12,0,12
240317008113,609,89,515,77,301,85,148,71,66,46,0,12,0,12,94,64,28,23,66,67,0,12,0,12,0,12
240317008112,297,65,232,58,143,61,89,45,0,12,0,12,0,12,65,52,53,50,12,17,0,12,0,12,0,12
240317008171,611,116,116,47,72,47,44,37,0,12,0,12,0,12,495,117,224,127,238,86,0,12,33,37,0,12
240317011021,579,129,221,88,165,74,56,54,0,12,0,12,0,12,358,133,115,76,188,111,55,55,0,12,0,12
240317003101,1502,151,1056,140,774,140,282,107,0,12,0,12,0,12,446,144,296,124,150,98,0,12,0,12,0,12
240317011025,232,67,219,66,164,57,55,55,0,12,0,12,0,12,13,18,13,18,0,12,0,12,0,12,0,12
240317011023,362,102,290,69,240,74,50,52,0,12,0,12,0,12,72,90,72,90,0,12,0,12,0,12,0,12
240317003103,531,125,0,12,0,12,0,12,0,12,0,12,0,12,531,125,226,112,171,121,115,85,19,30,0,12
240317007202,500,97,374,87,270,90,103,71,1,4,0,12,0,12,126,47,38,30,74,49,14,17,0,12,0,12
240317007211,631,113,239,75,216,70,14,23,9,15,0,12,0,12,392,125,151,67,222,111,19,20,0,12,0,12
240317007221,893,106,353,85,194,63,107,67,30,33,22,30,0,12,540,106,361,106,121,70,40,32,18,28,0,12
240317007222,258,73,0,12,0,12,0,12,0,12,0,12,0,12,258,73,144,74,93,49,21,24,0,12,0,12
240317007223,693,90,438,92,397,84,41,30,0,12,0,12,0,12,255,79,121,64,134,66,0,12,0,12,0,12
240317007232,680,103,155,68,155,68,0,12,0,12,0,12,0,12,525,96,498,92,27,23,0,12,0,12,0,12
240317007233,385,82,43,48,43,48,0,12,0,12,0,12,0,12,342,76,212,74,114,58,16,32,0,12,0,12
240317008164,641,153,335,117,260,102,75,70,0,12,0,12,0,12,306,127,132,94,174,112,0,12,0,12,0,12
240317008173,1752,186,725,131,687,137,38,44,0,12,0,12,0,12,1027,184,542,144,485,158,0,12,0,12,0,12
240317008221,687,41,374,74,275,65,95,40,4,7,0,12,0,12,313,67,140,50,154,60,19,27,0,12,0,12
240317008231,898,76,764,85,592,85,167,52,5,8,0,12,0,12,134,66,70,45,64,51,0,12,0,12,0,12
240317008241,969,79,816,84,670,89,146,57,0,12,0,12,0,12,153,64,57,35,96,59,0,12,0,12,0,12
240317008261,664,130,155,87,155,87,0,12,0,12,0,12,0,12,509,130,483,129,14,21,0,12,12,19,0,12
240317008263,839,112,635,124,572,117,63,51,0,12,0,12,0,12,204,115,175,111,29,34,0,12,0,12,0,12
240317018003,368,66,360,66,308,71,52,36,0,12,0,12,0,12,8,12,8,12,0,12,0,12,0,12,0,12
240317018004,285,51,262,53,222,55,40,26,0,12,0,12,0,12,23,22,23,22,0,12,0,12,0,12,0,12
240317029005,218,71,206,77,195,80,11,17,0,12,0,12,0,12,12,19,12,19,0,12,0,12,0,12,0,12
240317029002,528,80,528,80,513,78,15,24,0,12,0,12,0,12,0,12,0,12,0,12,0,12,0,12,0,12
240317029001,397,141,272,83,243,73,29,35,0,12,0,12,0,12,125,146,125,146,0,12,0,12,0,12,0,12
240317029004,817,128,307,87,294,85,13,21,0,12,0,12,0,12,510,129,324,133,186,97,0,12,0,12,0,12
240317034021,335,71,294,65,179,55,115,61,0,12,0,12,0,12,41,38,41,38,0,12,0,12,0,12,0,12
240317032132,1082,170,261,80,207,76,54,48,0,12,0,12,0,12,821,173,373,176,391,142,57,49,0,12,0,12
240317032131,682,160,116,51,114,52,0,12,2,11,0,12,0,12,566,163,245,122,248,124,30,41,43,70,0,12
240317033021,438,91,383,78,264,72,93,55,0,12,26,32,0,12,55,58,28,42,27,45,0,12,0,12,0,12
240317033023,406,97,382,97,197,62,133,86,52,57,0,12,0,12,24,20,14,17,10,15,0,12,0,12,0,12
240317021021,424,54,372,45,272,46,88,43,12,17,0,12,0,12,52,47,23,20,29,42,0,12,0,12,0,12
240317021022,373,52,329,46,286,52,43,34,0,12,0,12,0,12,44,33,19,20,25,28,0,12,0,12,0,12
240317021023,304,50,271,53,231,56,40,32,0,12,0,12,0,12,33,33,19,29,14,21,0,12,0,12,0,12
240317023011,929,100,374,75,306,72,68,39,0,12,0,12,0,12,555,108,291,79,244,97,20,21,0,12,0,12
240317023012,450,90,73,34,54,33,19,21,0,12,0,12,0,12,377,90,119,75,144,80,86,65,28,41,0,12
240317027002,463,127,215,82,206,85,9,16,0,12,0,12,0,12,248,100,157,87,78,81,13,23,0,12,0,12
240317024012,594,55,500,61,428,57,72,31,0,12,0,12,0,12,94,46,88,45,6,9,0,12,0,12,0,12
240317027001,787,195,355,88,288,89,67,49,0,12,0,12,0,12,432,194,120,77,312,205,0,12,0,12,0,12
240317027004,1089,201,286,84,261,86,25,25,0,12,0,12,0,12,803,212,428,157,219,156,109,112,0,12,47,74
240317027003,297,66,297,66,269,69,28,28,0,12,0,12,0,12,0,12,0,12,0,12,0,12,0,12,0,12
240317025002,560,134,56,47,54,47,2,10,0,12,0,12,0,12,504,116,270,101,190,111,29,41,15,25,0,12
240317025001,1284,228,116,72,59,46,57,56,0,12,0,12,0,12,1168,233,744,189,394,151,16,25,14,23,0,12
240317026011,634,147,0,12,0,12,0,12,0,12,0,12,0,12,634,147,470,131,164,109,0,12,0,12,0,12
240317026012,649,125,0,12,0,12,0,12,0,12,0,12,0,12,649,125,419,112,200,83,15,25,15,24,0,12
240317031003,412,59,405,58,292,64,113,57,0,12,0,12,0,12,7,12,7,12,0,12,0,12,0,12,0,12
240317031004,375,70,252,60,208,71,44,36,0,12,0,12,0,12,123,48,79,36,44,44,0,12,0,12,0,12
240317038001,1738,114,322,76,238,79,84,46,0,12,0,12,0,12,1416,132,707,146,616,118,16,21,27,24,50,54
240317042001,419,48,182,37,141,32,41,26,0,12,0,12,0,12,237,47,155,45,62,43,20,17,0,12,0,12
240317006083,352,64,352,64,305,68,47,29,0,12,0,12,0,12,0,12,0,12,0,12,0,12,0,12,0,12
240317006081,508,73,495,73,428,75,67,45,0,12,0,12,0,12,13,21,0,12,0,12,13,21,0,12,0,12
240317007062,376,70,330,70,253,66,70,42,7,12,0,12,0,12,46,32,13,12,33,29,0,12,0,12,0,12
240317012021,540,61,481,63,419,61,62,30,0,12,0,12,0,12,59,33,46,33,11,9,2,5,0,12,0,12
240317012061,569,79,514,77,430,88,84,53,0,12,0,12,0,12,55,42,55,42,0,12,0,12,0,12,0,12
240317012062,607,81,559,94,499,87,43,48,17,26,0,12,0,12,48,44,48,44,0,12,0,12,0,12,0,12
240317012063,310,76,310,76,291,78,19,30,0,12,0,12,0,12,0,12,0,12,0,12,0,12,0,12,0,12
240317012122,229,32,201,31,169,33,28,19,4,6,0,12,0,12,28,18,20,14,8,11,0,12,0,12,0,12
240317012123,400,33,395,34,381,34,11,11,3,5,0,12,0,12,5,8,5,8,0,12,0,12,0,12,0,12
240317020003,551,97,194,58,128,49,47,31,19,31,0,12,0,12,357,87,53,43,210,84,65,64,0,12,29,32
240317020002,383,93,147,68,128,68,19,22,0,12,0,12,0,12,236,96,60,49,176,89,0,12,0,12,0,12
240317012131,547,86,475,85,380,95,95,56,0,12,0,12,0,12,72,51,59,52,13,22,0,12,0,12,0,12
240317017021,993,57,247,45,221,49,26,17,0,12,0,12,0,12,746,73,382,75,312,77,29,25,23,26,0,12
240317003102,348,87,266,89,232,90,34,46,0,12,0,12,0,12,82,65,37,44,45,50,0,12,0,12,0,12
240317034031,404,62,323,56,201,56,106,48,16,16,0,12,0,12,81,47,47,36,34,31,0,12,0,12,0,12
240317034033,283,62,227,63,119,37,101,48,7,10,0,12,0,12,56,33,32,24,24,27,0,12,0,12,0,12
240317039022,1264,210,709,121,474,143,205,100,30,37,0,12,0,12,555,178,340,159,200,99,15,38,0,12,0,12
240317039021,493,111,348,89,276,87,60,54,12,27,0,12,0,12,145,66,124,63,21,27,0,12,0,12,0,12
240317008133,399,66,374,63,297,71,77,47,0,12,0,12,0,12,25,24,5,9,13,20,7,10,0,12,0,12
240317008134,765,114,478,108,313,89,156,91,9,14,0,12,0,12,287,96,136,64,97,68,44,45,10,16,0,12
240317012141,1204,84,328,59,276,66,52,30,0,12,0,12,0,12,876,86,550,89,294,78,24,25,8,12,0,12
240317012142,722,75,379,97,318,86,61,50,0,12,0,12,0,12,343,83,237,67,106,63,0,12,0,12,0,12
240317052001,280,27,271,28,258,32,13,14,0,12,0,12,0,12,9,11,7,11,2,5,0,12,0,12,0,12
240317052002,354,34,341,34,327,36,14,14,0,12,0,12,0,12,13,10,9,8,4,6,0,12,0,12,0,12
240317014073,705,71,616,69,568,77,48,24,0,12,0,12,0,12,89,46,68,45,21,34,0,12,0,12,0,12
240317014072,413,65,387,67,362,71,25,22,0,12,0,12,0,12,26,22,26,22,0,12,0,12,0,12,0,12
240317021011,643,99,0,12,0,12,0,12,0,12,0,12,0,12,643,99,96,68,358,100,112,73,64,39,13,21
240317021012,302,59,235,50,167,51,58,34,10,16,0,12,0,12,67,41,35,23,24,37,0,12,8,13,0,12
240317002061,537,66,497,58,386,60,102,46,0,12,9,14,0,12,40,35,25,30,15,18,0,12,0,12,0,12
240317002062,380,51,336,46,296,46,40,31,0,12,0,12,0,12,44,48,36,46,8,13,0,12,0,12,0,12
240317040003,839,144,266,85,266,85,0,12,0,12,0,12,0,12,573,141,212,122,361,143,0,12,0,12,0,12
240317040002,415,111,351,101,267,103,49,49,35,37,0,12,0,12,64,74,15,28,49,64,0,12,0,12,0,12
240317040004,865,115,565,115,424,115,118,74,23,30,0,12,0,12,300,101,259,91,41,52,0,12,0,12,0,12
240317045012,390,52,331,56,272,53,59,40,0,12,0,12,0,12,59,36,59,36,0,12,0,12,0,12,0,12
240317045014,307,46,300,46,246,56,54,38,0,12,0,12,0,12,7,11,7,11,0,12,0,12,0,12,0,12
240317045031,473,47,432,50,373,60,59,34,0,12,0,12,0,12,41,28,41,28,0,12,0,12,0,12,0,12
240317045032,844,70,775,73,672,74,103,42,0,12,0,12,0,12,69,37,54,33,15,19,0,12,0,12,0,12
240317047003,462,52,411,62,380,58,31,32,0,12,0,12,0,12,51,35,51,35,0,12,0,12,0,12,0,12
240317047004,289,42,271,41,243,40,28,27,0,12,0,12,0,12,18,14,9,14,9,13,0,12,0,12,0,12
240317059022,351,55,345,54,278,50,67,38,0,12,0,12,0,12,6,11,6,11,0,12,0,12,0,12,0,12
240317059023,427,54,358,58,349,59,9,14,0,12,0,12,0,12,69,34,34,23,35,26,0,12,0,12,0,12
240317060071,570,86,552,87,552,87,0,12,0,12,0,12,0,12,18,29,18,29,0,12,0,12,0,12,0,12
240317060072,887,104,815,113,750,113,65,47,0,12,0,12,0,12,72,50,72,50,0,12,0,12,0,12,0,12
240317060091,693,60,620,57,598,60,22,20,0,12,0,12,0,12,73,41,29,28,32,33,12,18,0,12,0,12
240317055021,605,44,580,43,566,46,14,15,0,12,0,12,0,12,25,21,25,21,0,12,0,12,0,12,0,12
240317055022,272,43,264,43,254,46,10,15,0,12,0,12,0,12,8,12,8,12,0,12,0,12,0,12,0,12
240317060101,714,65,537,82,445,87,92,43,0,12,0,12,0,12,177,70,94,57,77,63,6,14,0,12,0,12
240317060102,382,51,372,53,366,53,6,10,0,12,0,12,0,12,10,13,10,13,0,12,0,12,0,12,0,12
240317060112,463,57,455,59,446,62,9,12,0,12,0,12,0,12,8,13,8,13,0,12,0,12,0,12,0,12
240317060113,683,56,668,56,644,61,24,21,0,12,0,12,0,12,15,23,15,23,0,12,0,12,0,12,0,12
240317048061,1349,99,139,37,119,36,20,23,0,12,0,12,0,12,1210,102,740,110,444,99,10,16,16,18,0,12
240317048062,778,92,44,25,44,25,0,12,0,12,0,12,0,12,734,93,434,87,276,83,12,18,12,19,0,12
240317055012,725,107,0,12,0,12,0,12,0,12,0,12,0,12,725,107,481,96,199,82,30,27,0,12,15,19
240317060121,534,87,267,65,251,64,16,19,0,12,0,12,0,12,267,79,175,70,68,36,24,26,0,12,0,12
240317060123,552,62,310,60,296,60,14,23,0,12,0,12,0,12,242,58,157,46,58,36,11,18,11,19,5,9
240317060131,515,47,496,45,465,47,31,19,0,12,0,12,0,12,19,17,19,17,0,12,0,12,0,12,0,12
240317060092,669,67,587,67,575,68,12,19,0,12,0,12,0,12,82,74,82,74,0,12,0,12,0,12,0,12
240317013121,392,72,392,72,263,79,129,80,0,12,0,12,0,12,0,12,0,12,0,12,0,12,0,12,0,12
240317014083,449,86,380,94,306,92,74,55,0,12,0,12,0,12,69,62,35,53,34,46,0,12,0,12,0,12
240317014081,597,92,467,85,322,86,130,59,15,20,0,12,0,12,130,104,114,100,0,12,0,12,16,26,0,12
240317014082,376,73,376,73,343,70,33,36,0,12,0,12,0,12,0,12,0,12,0,12,0,12,0,12,0,12
240317013122,557,104,542,108,448,99,94,61,0,12,0,12,0,12,15,24,15,24,0,12,0,12,0,12,0,12
240317014153,467,90,447,94,424,102,23,37,0,12,0,12,0,12,20,32,20,32,0,12,0,12,0,12,0,12
240317014155,787,111,576,114,364,111,212,116,0,12,0,12,0,12,211,93,49,49,162,100,0,12,0,12,0,12
240317014152,441,98,418,93,327,89,91,62,0,12,0,12,0,12,23,33,23,33,0,12,0,12,0,12,0,12
240317014171,429,133,224,88,185,87,35,36,4,13,0,12,0,12,205,118,187,122,0,12,18,28,0,12,0,12
240317012101,369,39,352,42,344,45,8,13,0,12,0,12,0,12,17,19,11,17,6,10,0,12,0,12,0,12
240317012102,545,66,545,66,437,76,108,67,0,12,0,12,0,12,0,12,0,12,0,12,0,12,0,12,0,12
240317013031,426,65,426,65,410,69,16,18,0,12,0,12,0,12,0,12,0,12,0,12,0,12,0,12,0,12
240317013032,850,56,816,57,773,61,43,30,0,12,0,12,0,12,34,27,34,27,0,12,0,12,0,12,0,12
240317014091,379,51,379,51,324,55,55,39,0,12,0,12,0,12,0,12,0,12,0,12,0,12,0,12,0,12
240317014092,530,62,510,63,464,65,46,28,0,12,0,12,0,12,20,16,13,14,0,12,7,10,0,12,0,12
240317014093,415,60,353,67,253,57,100,60,0,12,0,12,0,12,62,55,23,20,39,50,0,12,0,12,0,12
240317015032,465,105,341,87,245,78,82,59,14,22,0,12,0,12,124,58,109,61,15,24,0,12,0,12,0,12
240317015034,562,103,516,105,419,110,97,71,0,12,0,12,0,12,46,40,30,33,0,12,16,24,0,12,0,12
240317015033,606,103,591,104,531,108,60,52,0,12,0,12,0,12,15,24,0,12,15,24,0,12,0,12,0,12
240317015031,450,87,411,89,311,81,100,52,0,12,0,12,0,12,39,45,19,26,20,37,0,12,0,12,0,12
240317008182,803,145,136,79,76,53,60,58,0,12,0,12,0,12,667,148,269,95,276,128,52,60,70,92,0,12
240317008181,400,123,0,12,0,12,0,12,0,12,0,12,0,12,400,123,168,99,201,116,31,44,0,12,0,12
240317008184,723,131,0,12,0,12,0,12,0,12,0,12,0,12,723,131,260,94,318,139,97,83,0,12,48,80
240317008183,530,123,392,134,319,112,73,72,0,12,0,12,0,12,138,84,107,69,31,47,0,12,0,12,0,12
240317009011,1429,151,376,130,342,122,34,37,0,12,0,12,0,12,1053,166,745,173,274,141,19,25,15,26,0,12
240317015073,634,78,519,68,445,71,68,40,6,9,0,12,0,12,115,52,98,52,17,18,0,12,0,12,0,12
240317015072,386,52,376,52,320,49,56,32,0,12,0,12,0,12,10,16,10,16,0,12,0,12,0,12,0,12
240317034013,274,66,274,66,199,71,75,47,0,12,0,12,0,12,0,12,0,12,0,12,0,12,0,12,0,12
240317033022,334,79,262,75,152,52,104,65,6,15,0,12,0,12,72,50,62,46,10,16,0,12,0,12,0,12
240317034012,338,91,296,84,159,71,106,69,31,31,0,12,0,12,42,38,20,34,22,19,0,12,0,12,0,12
240317037011,300,73,238,64,160,62,78,48,0,12,0,12,0,12,62,61,12,18,50,60,0,12,0,12,0,12
240317050004,379,40,343,46,317,47,26,22,0,12,0,12,0,12,36,28,36,28,0,12,0,12,0,12,0,12
240317050002,250,36,230,43,222,43,8,13,0,12,0,12,0,12,20,21,0,12,20,21,0,12,0,12,0,12
240317050001,732,81,360,47,318,52,42,29,0,12,0,12,0,12,372,79,307,79,65,40,0,12,0,12,0,12
240317050003,337,42,236,51,199,53,37,29,0,12,0,12,0,12,101,31,84,33,17,14,0,12,0,12,0,12
240317001031,468,61,437,62,406,64,31,27,0,12,0,12,0,12,31,27,18,19,13,19,0,12,0,12,0,12
240317001032,362,48,342,46,338,46,4,5,0,12,0,12,0,12,20,11,19,11,1,3,0,12,0,12,0,12
240317003061,418,91,380,98,326,99,54,43,0,12,0,12,0,12,38,41,23,36,15,24,0,12,0,12,0,12
240317003062,1107,119,875,133,717,138,136,59,22,36,0,12,0,12,232,106,128,97,104,78,0,12,0,12,0,12
240317006062,357,72,280,62,264,63,16,18,0,12,0,12,0,12,77,62,77,62,0,12,0,12,0,12,0,12
240317006061,359,67,347,69,271,64,66,38,10,16,0,12,0,12,12,19,12,19,0,12,0,12,0,12,0,12
240317006063,680,69,647,67,512,71,135,59,0,12,0,12,0,12,33,34,33,34,0,12,0,12,0,12,0,12
240317006041,793,110,735,104,649,107,80,63,6,22,0,12,0,12,58,73,58,73,0,12,0,12,0,12,0,12
240317006043,489,78,474,78,431,78,43,37,0,12,0,12,0,12,15,23,15,23,0,12,0,12,0,12,0,12
240317006044,407,67,407,67,362,64,45,38,0,12,0,12,0,12,0,12,0,12,0,12,0,12,0,12,0,12
240317006042,520,83,513,83,500,86,13,22,0,12,0,12,0,12,7,13,7,13,0,12,0,12,0,12,0,12
240317009051,702,79,57,24,46,20,11,16,0,12,0,12,0,12,645,78,264,73,316,89,65,35,0,12,0,12
240317009052,985,93,228,50,152,52,76,36,0,12,0,12,0,12,757,93,428,101,283,80,36,24,0,12,10,16
240317007112,778,85,596,90,505,93,91,45,0,12,0,12,0,12,182,75,130,62,52,46,0,12,0,12,0,12
240317007113,485,69,308,50,286,49,22,21,0,12,0,12,0,12,177,50,107,52,70,36,0,12,0,12,0,12
240317008122,623,86,592,90,560,88,32,30,0,12,0,12,0,12,31,38,31,38,0,12,0,12,0,12,0,12
240317008192,517,127,391,129,273,112,118,113,0,12,0,12,0,12,126,97,25,29,101,96,0,12,0,12,0,12
240317008193,1061,141,753,112,576,114,177,86,0,12,0,12,0,12,308,118,161,85,119,85,28,42,0,12,0,12
240317008194,462,131,318,140,237,101,81,90,0,12,0,12,0,12,144,87,106,99,38,51,0,12,0,12,0,12
240317022004,305,71,241,48,219,45,22,22,0,12,0,12,0,12,64,65,64,65,0,12,0,12,0,12,0,12
240317022001,514,89,367,94,284,90,66,53,17,25,0,12,0,12,147,83,32,35,104,66,11,26,0,12,0,12
240317022003,417,95,376,87,295,96,81,48,0,12,0,12,0,12,41,39,41,39,0,12,0,12,0,12,0,12
240317022002,272,54,263,54,250,55,13,16,0,12,0,12,0,12,9,10,4,7,5,8,0,12,0,12,0,12
240317032062,555,59,502,49,446,57,56,46,0,12,0,12,0,12,53,40,7,12,46,39,0,12,0,12,0,12
240317032061,622,95,416,71,313,73,88,55,0,12,15,17,0,12,206,65,98,46,108,59,0,12,0,12,0,12
240317003092,1105,161,104,56,59,44,45,39,0,12,0,12,0,12,1001,161,434,150,517,180,50,54,0,12,0,12
240317007154,340,107,318,109,176,64,123,86,19,21,0,12,0,12,22,25,9,15,13,20,0,12,0,12,0,12
240317007152,524,100,447,100,320,100,102,61,25,36,0,12,0,12,77,59,33,31,13,20,31,47,0,12,0,12
240317007153,249,86,223,85,159,63,64,55,0,12,0,12,0,12,26,28,26,28,0,12,0,12,0,12,0,12
240317007151,636,93,546,95,403,75,113,58,30,29,0,12,0,12,90,60,23,27,67,53,0,12,0,12,0,12
240317008101,262,56,262,56,244,55,18,22,0,12,0,12,0,12,0,12,0,12,0,12,0,12,0,12,0,12
240317008102,774,95,625,89,383,74,242,88,0,12,0,12,0,12,149,69,20,25,129,74,0,12,0,12,0,12
240317008103,650,97,584,81,429,83,146,78,9,15,0,12,0,12,66,57,57,55,9,15,0,12,0,12,0,12
240317008151,852,158,728,152,516,130,212,99,0,12,0,12,0,12,124,83,84,84,40,42,0,12,0,12,0,12
240317008153,182,94,151,85,98,67,53,59,0,12,0,12,0,12,31,43,0,12,31,43,0,12,0,12,0,12
240317008152,857,158,754,169,389,110,315,153,50,72,0,12,0,12,103,84,53,54,50,63,0,12,0,12,0,12
240317008154,399,129,300,125,243,118,57,45,0,12,0,12,0,12,99,57,70,51,0,12,29,45,0,12,0,12
240317009021,690,95,537,106,326,88,211,63,0,12,0,12,0,12,153,67,69,38,84,57,0,12,0,12,0,12
240317010021,374,58,242,54,236,56,6,10,0,12,0,12,0,12,132,48,82,47,50,45,0,12,0,12,0,12
240317010023,331,48,331,48,309,51,22,22,0,12,0,12,0,12,0,12,0,12,0,12,0,12,0,12,0,12
240317010052,301,60,271,58,231,53,40,46,0,12,0,12,0,12,30,30,30,30,0,12,0,12,0,12,0,12
240317013082,585,62,556,63,480,74,76,39,0,12,0,12,0,12,29,25,29,25,0,12,0,12,0,12,0,12
240317032102,417,71,345,67,254,60,77,41,0,12,0,12,14,21,72,64,24,37,48,53,0,12,0,12,0,12
240317032101,675,77,622,76,502,71,120,71,0,12,0,12,0,12,53,47,23,26,30,36,0,12,0,12,0,12
240317034042,578,52,475,65,225,60,230,60,11,13,4,7,5,8,103,46,76,41,13,15,14,20,0,12,0,12
240317007101,407,117,269,100,73,52,174,85,22,31,0,12,0,12,138,84,62,58,38,33,0,12,38,60,0,12
240317007104,536,151,296,119,131,84,94,69,71,86,0,12,0,12,240,138,103,94,137,109,0,12,0,12,0,12
240317007102,289,66,279,62,219,60,60,55,0,12,0,12,0,12,10,17,10,17,0,12,0,12,0,12,0,12
240317007163,619,140,567,146,330,117,182,105,55,59,0,12,0,12,52,45,7,13,45,47,0,12,0,12,0,12
240317007161,785,155,579,143,411,131,141,84,27,40,0,12,0,12,206,123,144,119,47,59,0,12,15,24,0,12
240317016023,257,60,243,60,199,56,29,28,15,23,0,12,0,12,14,18,14,18,0,12,0,12,0,12,0,12
240317021014,448,77,231,64,136,58,95,49,0,12,0,12,0,12,217,72,98,54,81,44,38,42,0,12,0,12
240317025003,655,140,20,30,20,30,0,12,0,12,0,12,0,12,635,141,352,119,272,142,0,12,11,19,0,12
240317026014,620,143,0,12,0,12,0,12,0,12,0,12,0,12,620,143,320,106,245,123,55,57,0,12,0,12
240317028004,461,87,461,87,380,94,81,50,0,12,0,12,0,12,0,12,0,12,0,12,0,12,0,12,0,12
240317032133,593,147,72,55,72,55,0,12,0,12,0,12,0,12,521,154,270,134,231,141,20,33,0,12,0,12
240317032161,841,96,717,101,671,100,46,38,0,12,0,12,0,12,124,66,124,66,0,12,0,12,0,12,0,12
240317032163,432,76,387,63,387,63,0,12,0,12,0,12,0,12,45,46,45,46,0,12,0,12,0,12,0,12
240317032181,828,72,677,85,666,83,11,16,0,12,0,12,0,12,151,56,143,55,8,13,0,12,0,12,0,12
240317032191,1008,89,918,102,879,107,39,35,0,12,0,12,0,12,90,43,90,43,0,12,0,12,0,12,0,12
240317032192,655,82,507,85,466,91,27,30,0,12,14,21,0,12,148,89,132,88,16,24,0,12,0,12,0,12
240317032193,778,110,542,125,537,126,5,7,0,12,0,12,0,12,236,78,236,78,0,12,0,12,0,12,0,12
240317032201,384,81,101,43,91,50,0,12,10,16,0,12,0,12,283,80,245,77,31,28,0,12,7,13,0,12
240317032202,1019,119,801,140,527,127,204,84,70,59,0,12,0,12,218,124,81,80,137,96,0,12,0,12,0,12
240317032203,523,127,329,92,272,87,57,38,0,12,0,12,0,12,194,124,138,121,56,56,0,12,0,12,0,12
240317032211,501,66,478,68,398,64,80,39,0,12,0,12,0,12,23,21,10,15,13,16,0,12,0,12,0,12
240317032212,600,82,487,74,389,70,81,45,17,22,0,12,0,12,113,79,113,79,0,12,0,12,0,12,0,12
240317032213,752,100,591,103,461,101,114,58,11,18,5,11,0,12,161,77,88,59,38,50,29,39,6,9,0,12
240317039023,607,100,529,108,419,103,92,83,0,12,18,30,0,12,78,47,64,42,14,23,0,12,0,12,0,12
240317044031,974,77,574,90,451,83,123,64,0,12,0,12,0,12,400,92,259,86,141,61,0,12,0,12,0,12
240317044044,731,112,559,116,497,119,62,65,0,12,0,12,0,12,172,104,135,101,37,35,0,12,0,12,0,12
240317044041,504,93,489,95,444,99,45,43,0,12,0,12,0,12,15,22,3,8,12,19,0,12,0,12,0,12
240317044042,377,59,345,63,281,65,64,51,0,12,0,12,0,12,32,31,28,30,4,11,0,12,0,12,0,12
240317044043,554,92,203,69,189,66,14,22,0,12,0,12,0,12,351,89,226,76,125,70,0,12,0,12,0,12
240317048031,481,91,141,73,91,52,50,47,0,12,0,12,0,12,340,91,174,71,166,83,0,12,0,12,0,12
240317048032,1064,115,374,92,288,83,86,51,0,12,0,12,0,12,690,118,502,119,168,83,20,31,0,12,0,12
240317048041,1011,82,410,64,336,60,68,38,6,9,0,12,0,12,601,70,331,65,245,57,12,13,13,14,0,12
240317048051,808,125,152,55,102,46,50,35,0,12,0,12,0,12,656,117,460,101,185,63,11,18,0,12,0,12
240317009041,936,102,73,44,47,40,26,29,0,12,0,12,0,12,863,106,378,95,462,91,23,27,0,12,0,12
240317010013,232,48,232,48,232,48,0,12,0,12,0,12,0,12,0,12,0,12,0,12,0,12,0,12,0,12
240317010011,1007,106,732,91,631,101,97,49,4,8,0,12,0,12,275,93,145,92,102,80,28,31,0,12,0,12
240317010044,348,74,328,77,211,52,117,65,0,12,0,12,0,12,20,24,20,24,0,12,0,12,0,12,0,12
240317010042,555,80,514,80,473,82,41,32,0,12,0,12,0,12,41,37,6,10,35,40,0,12,0,12,0,12
240317010043,495,86,234,67,195,62,30,36,9,15,0,12,0,12,261,88,122,56,133,86,6,11,0,12,0,12
240317003081,374,88,194,61,182,59,12,20,0,12,0,12,0,12,180,81,28,34,108,79,44,51,0,12,0,12
240317003082,712,123,470,123,342,107,104,79,24,29,0,12,0,12,242,127,236,124,6,14,0,12,0,12,0,12
240317004001,322,41,272,43,253,43,19,15,0,12,0,12,0,12,50,35,36,30,14,17,0,12,0,12,0,12
240317004002,473,49,410,50,396,50,4,4,10,14,0,12,0,12,63,37,47,31,16,19,0,12,0,12,0,12
240317024023,870,128,365,86,308,74,57,47,0,12,0,12,0,12,505,148,326,125,141,90,38,49,0,12,0,12
240317012133,1127,136,319,99,291,110,28,46,0,12,0,12,0,12,808,143,453,126,340,131,0,12,15,25,0,12
240317012152,720,130,425,126,413,129,12,20,0,12,0,12,0,12,295,129,130,71,165,103,0,12,0,12,0,12
240317015062,862,92,687,92,541,91,121,50,25,27,0,12,0,12,175,83,145,83,30,32,0,12,0,12,0,12
240317015063,250,46,250,46,250,46,0,12,0,12,0,12,0,12,0,12,0,12,0,12,0,12,0,12,0,12
240317030001,280,32,219,39,200,38,19,16,0,12,0,12,0,12,61,23,42,22,19,16,0,12,0,12,0,12
240317030002,360,41,342,40,280,45,62,24,0,12,0,12,0,12,18,15,18,15,0,12,0,12,0,12,0,12
240317032081,377,54,377,54,356,52,7,12,14,21,0,12,0,12,0,12,0,12,0,12,0,12,0,12,0,12
240317032083,469,62,408,67,325,60,83,55,0,12,0,12,0,12,61,40,41,30,20,24,0,12,0,12,0,12
240317032141,501,150,0,12,0,12,0,12,0,12,0,12,0,12,501,150,102,80,276,123,123,96,0,12,0,12
240317032142,982,136,383,96,315,83,68,54,0,12,0,12,0,12,599,126,194,83,352,134,26,32,27,30,0,12
240317035011,656,78,71,46,20,27,51,39,0,12,0,12,0,12,585,74,260,91,284,82,41,37,0,12,0,12
240317035014,404,95,286,95,166,62,103,78,7,15,0,12,10,17,118,70,52,39,66,67,0,12,0,12,0,12
240317035021,709,71,555,94,497,88,46,30,12,14,0,12,0,12,154,65,60,53,94,49,0,12,0,12,0,12
240317035022,457,68,330,69,291,68,39,34,0,12,0,12,0,12,127,57,81,58,46,37,0,12,0,12,0,12
240317036022,301,40,244,50,192,57,52,25,0,12,0,12,0,12,57,48,57,48,0,12,0,12,0,12,0,12
240317036021,440,50,413,53,323,57,59,33,31,43,0,12,0,12,27,23,27,23,0,12,0,12,0,12,0,12
240317024022,680,113,160,100,94,83,66,68,0,12,0,12,0,12,520,99,338,103,102,61,9,16,71,86,0,12
240317024021,491,120,128,60,115,61,13,17,0,12,0,12,0,12,363,103,170,79,149,102,0,12,44,50,0,12
240317032011,981,117,855,125,694,118,151,73,10,16,0,12,0,12,126,92,90,89,19,31,17,20,0,12,0,12
240317032012,502,86,427,94,271,75,135,73,21,32,0,12,0,12,75,67,62,61,13,23,0,12,0,12,0,12
240317032014,511,97,469,102,409,104,60,46,0,12,0,12,0,12,42,42,27,34,15,24,0,12,0,12,0,12
240317032013,350,75,350,75,301,76,49,41,0,12,0,12,0,12,0,12,0,12,0,12,0,12,0,12,0,12
240317032152,413,79,308,67,263,67,38,26,7,16,0,12,0,12,105,77,68,50,37,60,0,12,0,12,0,12
240317032151,670,97,280,74,223,74,52,36,0,12,0,12,5,8,390,89,119,75,271,89,0,12,0,12,0,12
240317036013,359,67,265,75,201,69,64,44,0,12,0,12,0,12,94,54,9,13,85,52,0,12,0,12,0,12
240317036011,946,91,680,98,621,99,43,26,7,11,0,12,9,14,266,85,196,80,50,45,11,18,9,13,0,12
240317036012,453,63,399,61,287,58,96,50,16,26,0,12,0,12,54,40,30,26,24,38,0,12,0,12,0,12
240317043004,266,45,250,43,220,50,30,29,0,12,0,12,0,12,16,20,16,20,0,12,0,12,0,12,0,12
240317043003,216,40,205,41,169,46,36,31,0,12,0,12,0,12,11,17,11,17,0,12,0,12,0,12,0,12
240317043001,371,63,312,64,245,69,67,32,0,12,0,12,0,12,59,32,38,27,21,18,0,12,0,12,0,12
240317044012,465,54,416,56,379,58,32,25,5,12,0,12,0,12,49,36,37,31,12,19,0,12,0,12,0,12
240317044011,598,78,494,64,419,70,67,36,0,12,0,12,8,12,104,53,68,47,36,25,0,12,0,12,0,12
240317051004,278,38,270,37,253,34,17,11,0,12,0,12,0,12,8,7,4,5,4,5,0,12,0,12,0,12
240317051002,831,83,598,79,564,75,18,19,16,22,0,12,0,12,233,71,152,56,81,50,0,12,0,12,0,12
240317054001,448,35,413,41,413,41,0,12,0,12,0,12,0,12,35,19,21,16,14,15,0,12,0,12,0,12
240317054002,573,40,545,46,526,48,19,15,0,12,0,12,0,12,28,20,25,19,3,6,0,12,0,12,0,12
240317017042,507,61,407,63,325,66,82,42,0,12,0,12,0,12,100,58,38,32,62,52,0,12,0,12,0,12
240317023022,346,52,328,52,320,51,8,14,0,12,0,12,0,12,18,21,18,21,0,12,0,12,0,12,0,12
240317023023,806,79,392,66,357,62,35,34,0,12,0,12,0,12,414,89,168,67,226,84,20,31,0,12,0,12
240317026021,680,131,340,100,282,103,58,52,0,12,0,12,0,12,340,100,240,89,90,78,0,12,0,12,10,16
240317026022,1554,159,25,31,11,21,14,21,0,12,0,12,0,12,1529,166,841,171,630,172,46,61,12,19,0,12
240317032092,724,156,541,164,379,127,162,93,0,12,0,12,0,12,183,116,66,47,117,106,0,12,0,12,0,12
240317032093,554,144,334,88,258,96,76,59,0,12,0,12,0,12,220,128,80,88,140,109,0,12,0,12,0,12
240317002042,294,40,264,43,226,45,38,20,0,12,0,12,0,12,30,17,20,15,6,8,4,5,0,12,0,12
240317003041,357,109,193,67,193,67,0,12,0,12,0,12,0,12,164,105,35,40,129,105,0,12,0,12,0,12
240317007041,312,53,295,52,235,52,54,25,0,12,6,9,0,12,17,16,9,14,8,12,0,12,0,12,0,12
240317007043,225,52,22,15,16,15,6,9,0,12,0,12,0,12,203,50,87,49,73,38,30,22,13,15,0,12
240317008162,713,136,484,118,326,106,133,76,25,42,0,12,0,12,229,80,117,66,112,59,0,12,0,12,0,12
240317008163,655,143,441,128,358,116,72,69,11,21,0,12,0,12,214,120,121,99,93,73,0,12,0,12,0,12
240317006163,532,66,487,70,430,71,57,32,0,12,0,12,0,12,45,31,30,26,15,17,0,12,0,12,0,12
240317007171,1031,138,279,73,233,76,46,45,0,12,0,12,0,12,752,148,469,147,216,121,48,47,19,31,0,12
240317007174,314,97,128,51,107,56,21,31,0,12,0,12,0,12,186,92,98,82,88,69,0,12,0,12,0,12
240317032072,657,102,619,103,456,97,139,72,24,30,0,12,0,12,38,32,21,20,17,27,0,12,0,12,0,12
240317014101,511,150,448,149,279,126,169,90,0,12,0,12,0,12,63,97,63,97,0,12,0,12,0,12,0,12
240317015053,1097,157,792,117,627,113,114,63,51,49,0,12,0,12,305,123,225,114,80,62,0,12,0,12,0,12
240317017012,679,91,247,73,218,72,29,25,0,12,0,12,0,12,432,93,149,63,252,86,9,14,22,27,0,12
240317028001,626,130,415,110,347,80,68,73,0,12,0,12,0,12,211,135,89,80,122,113,0,12,0,12,0,12
240317032022,737,110,636,116,529,114,86,56,21,25,0,12,0,12,101,106,93,105,8,14,0,12,0,12,0,12
240317033014,404,69,339,72,302,71,37,40,0,12,0,12,0,12,65,54,0,12,65,54,0,12,0,12,0,12
240317033013,377,79,337,75,197,57,124,63,16,24,0,12,0,12,40,55,10,17,30,49,0,12,0,12,0,12
240317053002,386,22,364,23,341,28,23,15,0,12,0,12,0,12,22,13,22,13,0,12,0,12,0,12,0,12
240317056011,369,58,360,62,336,59,24,20,0,12,0,12,0,12,9,11,4,8,5,9,0,12,0,12,0,12
240317060083,954,64,907,70,833,73,63,42,11,15,0,12,0,12,47,32,35,27,12,17,0,12,0,12,0,12
240317001012,506,63,499,62,448,72,51,39,0,12,0,12,0,12,7,13,7,13,0,12,0,12,0,12,0,12
240317032124,1306,136,361,113,307,94,54,69,0,12,0,12,0,12,945,163,297,140,456,163,174,88,18,29,0,12
240317046001,340,72,288,70,213,68,75,68,0,12,0,12,0,12,52,65,52,65,0,12,0,12,0,12,0,12
240317046002,761,116,567,83,491,85,76,49,0,12,0,12,0,12,194,102,190,102,4,16,0,12,0,12,0,12
240317057014,333,48,290,48,270,47,20,19,0,12,0,12,0,12,43,29,34,28,9,13,0,12,0,12,0,12
240317013061,403,46,403,46,370,50,33,27,0,12,0,12,0,12,0,12,0,12,0,12,0,12,0,12,0,12
240317012011,812,139,418,118,250,89,163,89,0,12,5,13,0,12,394,137,265,142,113,65,16,26,0,12,0,12
240317008291,561,69,468,69,376,67,92,48,0,12,0,12,0,12,93,54,84,52,9,14,0,12,0,12,0,12
240317008331,454,88,365,95,227,64,92,51,46,57,0,12,0,12,89,60,41,52,48,46,0,12,0,12,0,12
240317008342,545,95,404,85,298,90,93,49,13,19,0,12,0,12,141,75,31,29,110,75,0,12,0,12,0,12
240317008352,873,70,767,74,507,75,224,66,6,9,17,23,13,22,106,53,75,45,31,28,0,12,0,12,0,12
240317010061,468,51,406,55,369,62,37,29,0,12,0,12,0,12,62,30,62,30,0,12,0,12,0,12,0,12
240317010071,985,72,583,94,488,78,95,51,0,12,0,12,0,12,402,79,242,70,121,47,28,29,11,16,0,12
240317012113,182,78,111,63,103,60,8,18,0,12,0,12,0,12,71,69,36,39,35,57,0,12,0,12,0,12
240317012153,704,97,481,113,371,102,110,99,0,12,0,12,0,12,223,98,113,69,110,77,0,12,0,12,0,12
240317012052,994,92,812,101,734,100,78,53,0,12,0,12,0,12,182,104,143,105,29,32,10,17,0,12,0,12
240317012162,1334,152,265,85,265,85,0,12,0,12,0,12,0,12,1069,162,824,192,203,106,19,31,0,12,23,34
240317012181,1100,60,105,43,98,44,0,12,0,12,7,10,0,12,995,71,631,95,333,80,8,12,23,21,0,12
240317012191,1573,75,42,36,31,28,11,18,0,12,0,12,0,12,1531,85,621,100,731,114,89,60,30,27,60,66
240317013141,566,57,505,61,383,68,122,46,0,12,0,12,0,12,61,37,31,26,30,22,0,12,0,12,0,12
240317013152,968,133,653,130,560,118,93,51,0,12,0,12,0,12,315,128,99,69,184,118,32,38,0,12,0,12
240317014231,449,85,400,78,243,67,157,53,0,12,0,12,0,12,49,40,19,22,30,33,0,12,0,12,0,12
240317015081,487,87,0,12,0,12,0,12,0,12,0,12,0,12,487,87,274,92,97,57,91,62,25,31,0,12
240317015091,481,108,435,111,373,102,62,61,0,12,0,12,0,12,46,43,43,41,0,12,3,11,0,12,0,12
240317015094,607,138,15,24,0,12,15,24,0,12,0,12,0,12,592,140,220,99,273,115,43,44,56,87,0,12
240317016022,550,109,0,12,0,12,0,12,0,12,0,12,0,12,550,109,100,59,354,113,87,70,9,14,0,12
240317037013,464,82,418,84,173,59,233,75,0,12,12,21,0,12,46,49,0,12,46,49,0,12,0,12,0,12
240317037023,377,64,307,73,236,68,61,43,10,15,0,12,0,12,70,57,24,26,46,47,0,12,0,12,0,12
240317041004,316,42,311,41,276,33,35,20,0,12,0,12,0,12,5,5,2,3,3,4,0,12,0,12,0,12
240317041003,413,47,388,47,337,59,51,32,0,12,0,12,0,12,25,22,18,19,7,11,0,12,0,12,0,12
240317059011,378,62,302,51,267,53,35,26,0,12,0,12,0,12,76,61,76,61,0,12,0,12,0,12,0,12
240317019002,380,88,67,50,54,41,13,21,0,12,0,12,0,12,313,73,188,60,79,48,46,72,0,12,0,12
240317007192,1202,209,369,136,303,137,66,56,0,12,0,12,0,12,833,202,412,158,379,145,29,36,0,12,13,23
240317002053,311,65,294,70,294,70,0,12,0,12,0,12,0,12,17,27,0,12,0,12,0,12,17,27,0,12
240317005003,650,92,491,93,449,91,42,43,0,12,0,12,0,12,159,79,53,54,106,71,0,12,0,12,0,12
240317006071,553,89,544,89,464,87,80,63,0,12,0,12,0,12,9,16,9,16,0,12,0,12,0,12,0,12
240317007132,579,114,241,98,151,77,90,60,0,12,0,12,0,12,338,94,95,41,170,80,38,53,0,12,35,55
240317013042,378,81,363,84,274,62,89,87,0,12,0,12,0,12,15,23,15,23,0,12,0,12,0,12,0,12
240317013041,599,76,578,74,407,76,147,87,24,31,0,12,0,12,21,30,0,12,21,30,0,12,0,12,0,12
240317001033,962,76,952,77,897,82,55,34,0,12,0,12,0,12,10,17,10,17,0,12,0,12,0,12,0,12
240317001043,324,56,314,57,271,54,43,30,0,12,0,12,0,12,10,15,10,15,0,12,0,12,0,12,0,12
240317001053,888,130,754,124,503,133,251,121,0,12,0,12,0,12,134,96,74,75,53,72,0,12,7,16,0,12
240317006112,1066,95,983,92,898,102,85,43,0,12,0,12,0,12,83,39,27,24,6,10,50,38,0,12,0,12
240317006133,287,61,263,64,212,72,51,49,0,12,0,12,0,12,24,33,0,12,24,33,0,12,0,12,0,12
240317006142,334,98,284,100,153,67,115,83,0,12,16,24,0,12,50,48,21,33,29,37,0,12,0,12,0,12
240317006152,502,40,477,39,425,43,52,21,0,12,0,12,0,12,25,16,20,15,5,7,0,12,0,12,0,12
240317009022,562,93,420,77,339,74,81,49,0,12,0,12,0,12,142,64,34,26,83,65,6,11,19,30,0,12
240317010022,720,62,683,72,638,80,40,32,0,12,0,12,5,8,37,27,28,24,9,14,0,12,0,12,0,12
240317010051,821,72,740,78,668,86,72,48,0,12,0,12,0,12,81,42,74,40,7,12,0,12,0,12,0,12
240317013081,587,87,462,75,408,69,40,29,14,21,0,12,0,12,125,65,76,53,49,46,0,12,0,12,0,12
240317034041,283,53,232,44,126,36,99,51,7,12,0,12,0,12,51,41,6,9,31,32,14,22,0,12,0,12
240317007103,409,97,358,87,258,75,100,77,0,12,0,12,0,12,51,63,13,23,38,61,0,12,0,12,0,12
240317007162,1307,197,773,173,533,158,198,97,42,53,0,12,0,12,534,154,276,133,175,102,83,88,0,12,0,12
240317016024,465,89,342,88,139,48,193,80,0,12,10,15,0,12,123,79,46,51,77,64,0,12,0,12,0,12
240317025004,2364,225,382,106,356,116,26,32,0,12,0,12,0,12,1982,229,1096,236,845,205,15,25,26,30,0,12
240317032084,473,84,411,79,337,82,74,50,0,12,0,12,0,12,62,67,26,32,36,56,0,12,0,12,0,12
240317032162,832,87,664,98,548,112,116,54,0,12,0,12,0,12,168,72,83,54,85,62,0,12,0,12,0,12
240317032182,517,63,302,53,302,53,0,12,0,12,0,12,0,12,215,50,174,46,41,33,0,12,0,12,0,12
240317048033,598,101,30,31,30,31,0,12,0,12,0,12,0,12,568,100,380,101,168,68,0,12,20,33,0,12
240317048052,427,87,48,34,36,30,12,18,0,12,0,12,0,12,379,89,235,86,129,70,0,12,15,25,0,12
240317010012,866,112,561,85,430,74,131,64,0,12,0,12,0,12,305,77,134,56,171,77,0,12,0,12,0,12
240317010041,494,82,304,68,261,64,43,38,0,12,0,12,0,12,190,64,106,55,61,45,23,32,0,12,0,12
240317012151,457,82,262,77,140,64,122,60,0,12,0,12,0,12,195,71,167,65,28,32,0,12,0,12,0,12
240317015061,637,78,591,80,545,82,46,31,0,12,0,12,0,12,46,31,46,31,0,12,0,12,0,12,0,12
240317032082,344,64,296,52,244,53,52,31,0,12,0,12,0,12,48,59,8,13,40,59,0,12,0,12,0,12
240317032143,814,144,132,70,83,50,38,55,0,12,11,17,0,12,682,140,171,107,342,132,126,74,14,23,29,47
240317035012,597,121,412,121,199,80,205,103,8,15,0,12,0,12,185,95,60,56,125,86,0,12,0,12,0,12
240317035013,338,70,321,69,230,59,74,51,0,12,17,27,0,12,17,18,17,18,0,12,0,12,0,12,0,12
240317036023,333,39,315,40,273,43,34,24,8,11,0,12,0,12,18,21,10,17,8,13,0,12,0,12,0,12
240317043002,524,72,430,64,379,65,51,36,0,12,0,12,0,12,94,59,74,55,20,22,0,12,0,12,0,12
240317051003,266,42,230,32,228,32,2,3,0,12,0,12,0,12,36,42,34,42,2,3,0,12,0,12,0,12
240317051001,512,66,486,69,448,48,38,40,0,12,0,12,0,12,26,17,24,16,2,4,0,12,0,12,0,12
240317032091,1054,162,448,124,356,133,76,61,0,12,16,26,0,12,606,131,245,110,361,164,0,12,0,12,0,12
240317023021,406,66,223,46,204,49,19,16,0,12,0,12,0,12,183,67,131,73,27,23,8,14,17,23,0,12
240317002041,431,47,364,54,314,50,50,29,0,12,0,12,0,12,67,44,45,39,22,26,0,12,0,12,0,12
240317003042,525,119,505,120,278,109,215,83,12,21,0,12,0,12,20,31,20,31,0,12,0,12,0,12,0,12
240317007042,560,76,368,55,287,55,54,25,21,33,6,9,0,12,192,57,68,37,119,52,5,7,0,12,0,12
240317008161,757,175,129,86,7,14,42,47,80,78,0,12,0,12,628,147,191,89,398,142,39,44,0,12,0,12
240317058001,979,83,919,85,793,106,126,71,0,12,0,12,0,12,60,49,60,49,0,12,0,12,0,12,0,12
240317057023,484,59,444,61,407,65,37,33,0,12,0,12,0,12,40,38,40,38,0,12,0,12,0,12,0,12
240317059031,658,61,629,67,588,73,33,32,0,12,8,13,0,12,29,27,9,15,20,23,0,12,0,12,0,12
240317014141,677,127,551,119,462,116,89,55,0,12,0,12,0,12,126,105,18,30,108,99,0,12,0,12,0,12
240317013131,647,55,618,53,545,56,52,27,21,20,0,12,0,12,29,26,19,21,10,14,0,12,0,12,0,12
240317017031,415,64,363,51,245,60,118,52,0,12,0,12,0,12,52,43,32,30,20,31,0,12,0,12,0,12
240317008111,449,77,283,79,184,72,74,54,25,29,0,12,0,12,166,60,89,55,77,35,0,12,0,12,0,12
240317008172,1013,159,145,98,145,98,0,12,0,12,0,12,0,12,868,163,516,154,265,107,0,12,69,75,18,28
240317011022,636,152,357,97,267,83,90,76,0,12,0,12,0,12,279,151,47,39,62,75,109,103,61,93,0,12
240317011024,245,83,166,68,119,62,27,31,20,38,0,12,0,12,79,82,14,23,65,75,0,12,0,12,0,12
240317007201,564,75,276,73,249,73,27,26,0,12,0,12,0,12,288,82,192,66,96,74,0,12,0,12,0,12
240317007212,754,108,313,80,217,66,85,58,11,18,0,12,0,12,441,96,189,73,205,105,39,41,8,13,0,12
240317007231,774,126,83,64,59,54,24,38,0,12,0,12,0,12,691,119,431,121,218,102,42,46,0,12,0,12
240317007241,1266,71,88,28,47,25,41,27,0,12,0,12,0,12,1178,81,415,121,637,128,87,95,33,32,6,10
240317008201,984,52,289,58,257,56,32,20,0,12,0,12,0,12,695,69,439,78,197,61,29,26,24,24,6,10
240317008232,220,44,220,44,199,47,21,34,0,12,0,12,0,12,0,12,0,12,0,12,0,12,0,12,0,12
240317008262,1019,118,712,113,545,120,167,60,0,12,0,12,0,12,307,81,200,81,74,54,33,39,0,12,0,12
240317018001,739,120,289,69,260,71,29,31,0,12,0,12,0,12,450,126,187,70,227,116,13,24,13,20,10,16
240317018002,488,104,102,33,91,33,11,18,0,12,0,12,0,12,386,107,144,73,199,110,17,27,26,32,0,12
240317029003,435,116,203,72,158,55,45,50,0,12,0,12,0,12,232,100,115,84,117,85,0,12,0,12,0,12
240317034022,733,73,625,84,517,86,108,52,0,12,0,12,0,12,108,56,30,31,66,53,12,18,0,12,0,12
240317024011,323,37,290,42,225,40,65,30,0,12,0,12,0,12,33,19,33,19,0,12,0,12,0,12,0,12
240317026013,582,133,98,46,70,52,28,24,0,12,0,12,0,12,484,141,261,105,223,119,0,12,0,12,0,12
240317031001,382,76,374,76,243,65,131,57,0,12,0,12,0,12,8,13,0,12,8,13,0,12,0,12,0,12
240317031002,312,81,305,82,214,69,91,60,0,12,0,12,0,12,7,11,0,12,7,11,0,12,0,12,0,12
240317042002,456,44,328,38,295,41,33,15,0,12,0,12,0,12,128,39,117,40,11,14,0,12,0,12,0,12
240317006082,855,80,833,81,759,87,74,43,0,12,0,12,0,12,22,26,22,26,0,12,0,12,0,12,0,12
240317007061,1305,85,385,61,294,62,80,32,0,12,11,16,0,12,920,97,418,112,391,120,22,20,89,68,0,12
240317012022,448,43,399,47,293,46,106,32,0,12,0,12,0,12,49,30,33,27,16,19,0,12,0,12,0,12
240317012064,675,93,598,93,466,104,132,73,0,12,0,12,0,12,77,70,77,70,0,12,0,12,0,12,0,12
240317012121,268,31,262,32,247,33,15,11,0,12,0,12,0,12,6,10,6,10,0,12,0,12,0,12,0,12
240317020001,486,106,209,57,130,54,79,45,0,12,0,12,0,12,277,99,88,71,103,69,75,59,11,18,0,12
240317012132,577,108,315,100,223,80,74,57,18,28,0,12,0,12,262,121,208,117,54,52,0,12,0,12,0,12
240317034032,312,51,277,47,196,46,81,45,0,12,0,12,0,12,35,30,35,30,0,12,0,12,0,12,0,12
240317008131,352,65,332,69,256,63,61,54,15,20,0,12,0,12,20,17,8,13,12,13,0,12,0,12,0,12
240317008132,392,81,240,77,148,59,65,54,27,23,0,12,0,12,152,67,99,56,53,46,0,12,0,12,0,12
240317002063,846,67,837,69,745,75,84,45,0,12,8,13,0,12,9,14,9,14,0,12,0,12,0,12,0,12
240317052003,481,44,457,45,410,54,47,28,0,12,0,12,0,12,24,14,24,14,0,12,0,12,0,12,0,12
240317014071,715,88,705,87,616,84,89,52,0,12,0,12,0,12,10,15,10,15,0,12,0,12,0,12,0,12
240317021013,393,77,358,72,271,70,78,46,9,14,0,12,0,12,35,44,8,13,27,42,0,12,0,12,0,12
240317040001,228,77,195,79,159,65,36,48,0,12,0,12,0,12,33,40,33,40,0,12,0,12,0,12,0,12
240317045011,204,45,187,45,159,41,28,21,0,12,0,12,0,12,17,20,8,12,9,16,0,12,0,12,0,12
240317045013,326,57,273,55,239,56,34,32,0,12,0,12,0,12,53,44,42,40,11,17,0,12,0,12,0,12
240317047002,267,38,202,39,194,41,8,12,0,12,0,12,0,12,65,27,57,23,8,13,0,12,0,12,0,12
240317047001,254,43,204,49,187,47,17,19,0,12,0,12,0,12,50,31,50,31,0,12,0,12,0,12,0,12
240317059021,645,60,582,66,555,70,27,25,0,12,0,12,0,12,63,33,31,25,32,22,0,12,0,12,0,12
240317060073,892,107,852,109,772,109,80,63,0,12,0,12,0,12,40,43,34,40,0,12,6,13,0,12,0,12
240317055023,571,55,497,54,436,55,48,29,13,20,0,12,0,12,74,37,61,33,13,14,0,12,0,12,0,12
240317060111,711,65,659,69,581,73,78,46,0,12,0,12,0,12,52,35,23,25,29,26,0,12,0,12,0,12
240317055011,672,93,504,76,490,76,14,19,0,12,0,12,0,12,168,56,162,56,6,11,0,12,0,12,0,12
240317060122,651,76,435,84,373,86,62,41,0,12,0,12,0,12,216,83,174,82,34,31,8,13,0,12,0,12
240317060132,460,49,426,52,397,58,29,18,0,12,0,12,0,12,34,22,21,17,6,9,7,11,0,12,0,12
240317060093,498,51,483,54,450,56,33,27,0,12,0,12,0,12,15,18,6,9,9,16,0,12,0,12,0,12
240317014084,604,97,571,101,497,101,74,47,0,12,0,12,0,12,33,36,33,36,0,12,0,12,0,12,0,12
240317013124,409,70,386,72,357,76,29,33,0,12,0,12,0,12,23,37,23,37,0,12,0,12,0,12,0,12
240317013123,742,114,682,116,401,91,281,109,0,12,0,12,0,12,60,55,44,47,16,27,0,12,0,12,0,12
240317014151,350,101,350,101,284,97,66,57,0,12,0,12,0,12,0,12,0,12,0,12,0,12,0,12,0,12
240317014172,726,151,88,65,40,37,48,74,0,12,0,12,0,12,638,160,357,131,281,118,0,12,0,12,0,12
240317015071,740,76,632,79,572,83,60,47,0,12,0,12,0,12,108,70,58,44,50,56,0,12,0,12,0,12
240317034011,628,106,457,101,299,87,158,73,0,12,0,12,0,12,171,91,71,55,100,84,0,12,0,12,0,12
240317034014,206,81,43,24,36,23,7,12,0,12,0,12,0,12,163,80,29,30,118,86,16,26,0,12,0,12
240317007111,790,81,729,92,594,105,133,54,2,4,0,12,0,12,61,36,23,23,38,30,0,12,0,12,0,12
240317008121,986,108,592,95,362,86,176,79,29,27,25,31,0,12,394,93,278,84,110,45,0,12,6,11,0,12
240317008191,396,106,345,100,255,86,90,62,0,12,0,12,0,12,51,32,14,24,37,37,0,12,0,12,0,12
240317013071,1352,70,1281,71,1039,80,242,69,0,12,0,12,0,12,71,41,38,31,24,25,0,12,0,12,9,15
