"GEO_ID","id",
"NAME","Geographic Area Name",
"B25038_001E","Estimate!!Total",
"B25038_001M","Margin of Error!!Total",
"B25038_002E","Estimate!!Total!!Owner occupied",
"B25038_002M","Margin of Error!!Total!!Owner occupied",
"B25038_003E","Estimate!!Total!!Owner occupied!!Moved in 2017 or later",
"B25038_003M","Margin of Error!!Total!!Owner occupied!!Moved in 2017 or later",
"B25038_004E","Estimate!!Total!!Owner occupied!!Moved in 2015 to 2016",
"B25038_004M","Margin of Error!!Total!!Owner occupied!!Moved in 2015 to 2016",
"B25038_005E","Estimate!!Total!!Owner occupied!!Moved in 2010 to 2014",
"B25038_005M","Margin of Error!!Total!!Owner occupied!!Moved in 2010 to 2014",
"B25038_006E","Estimate!!Total!!Owner occupied!!Moved in 2000 to 2009",
"B25038_006M","Margin of Error!!Total!!Owner occupied!!Moved in 2000 to 2009",
"B25038_007E","Estimate!!Total!!Owner occupied!!Moved in 1990 to 1999",
"B25038_007M","Margin of Error!!Total!!Owner occupied!!Moved in 1990 to 1999",
"B25038_008E","Estimate!!Total!!Owner occupied!!Moved in 1989 or earlier",
"B25038_008M","Margin of Error!!Total!!Owner occupied!!Moved in 1989 or earlier",
"B25038_009E","Estimate!!Total!!Renter occupied",
"B25038_009M","Margin of Error!!Total!!Renter occupied",
"B25038_010E","Estimate!!Total!!Renter occupied!!Moved in 2017 or later",
"B25038_010M","Margin of Error!!Total!!Renter occupied!!Moved in 2017 or later",
"B25038_011E","Estimate!!Total!!Renter occupied!!Moved in 2015 to 2016",
"B25038_011M","Margin of Error!!Total!!Renter occupied!!Moved in 2015 to 2016",
"B25038_012E","Estimate!!Total!!Renter occupied!!Moved in 2010 to 2014",
"B25038_012M","Margin of Error!!Total!!Renter occupied!!Moved in 2010 to 2014",
"B25038_013E","Estimate!!Total!!Renter occupied!!Moved in 2000 to 2009",
"B25038_013M","Margin of Error!!Total!!Renter occupied!!Moved in 2000 to 2009",
"B25038_014E","Estimate!!Total!!Renter occupied!!Moved in 1990 to 1999",
"B25038_014M","Margin of Error!!Total!!Renter occupied!!Moved in 1990 to 1999",
"B25038_015E","Estimate!!Total!!Renter occupied!!Moved in 1989 or earlier",
"B25038_015M","Margin of Error!!Total!!Renter occupied!!Moved in 1989 or earlier",
